{"graph_0": {"_type": "graph-file", "path": "media/graph/graph_0_summary_06a62f57.graph.json", "sha256": "06a62f57547c0ac808f2d017e9c9a459d031299aeb58ae2cac6b7dac6a96b6af", "size": 1694}, "Train Loss": 0.467523422803861, "Val Loss": 1.0831015481710433, "Train Acc": 83.85592315901815, "Val Acc": 69.1472, "_runtime": 273, "_timestamp": 1620951599, "_step": 14, "gradients/fc_out.bias": {"_type": "histogram", "values": [1.0, 0.0, 0.0, 0.0, 0.0, 0.0, 0.0, 0.0, 0.0, 0.0, 0.0, 0.0, 1.0, 0.0, 0.0, 1.0, 0.0, 0.0, 1.0, 0.0, 0.0, 0.0, 0.0, 0.0, 0.0, 0.0, 0.0, 0.0, 0.0, 0.0, 1.0, 0.0, 0.0, 0.0, 0.0, 0.0, 0.0, 0.0, 0.0, 0.0, 0.0, 1.0, 0.0, 0.0, 0.0, 0.0, 0.0, 0.0, 0.0, 0.0, 0.0, 0.0, 1.0, 0.0, 0.0, 0.0, 0.0, 0.0, 0.0, 0.0, 1.0, 0.0, 0.0, 2.0], "bins": [-0.03989114239811897, -0.038776200264692307, -0.03766125813126564, -0.036546315997838974, -0.03543137013912201, -0.03431642800569534, -0.03320148587226868, -0.03208654373884201, -0.030971601605415344, -0.029856659471988678, -0.02874171733856201, -0.027626773342490196, -0.02651183120906353, -0.025396889075636864, -0.024281945079565048, -0.023167002946138382, -0.022052060812711716, -0.02093711867928505, -0.019822176545858383, -0.018707232549786568, -0.0175922904163599, -0.016477348282933235, -0.015362405218183994, -0.014247462153434753, -0.013132520020008087, -0.012017577886581421, -0.01090263482183218, -0.00978769175708294, -0.008672749623656273, -0.007557807024568319, -0.006442864425480366, -0.005327921826392412, -0.004212982952594757, -0.0030980403535068035, -0.00198309775441885, -0.0008681551553308964, 0.0002467874437570572, 0.0013617300428450108, 0.0024766726419329643, 0.003591615241020918, 0.0047065578401088715, 0.005821500439196825, 0.006936443038284779, 0.00805138610303402, 0.009166328236460686, 0.010281270369887352, 0.011396213434636593, 0.012511156499385834, 0.0136260986328125, 0.014741040766239166, 0.015855982899665833, 0.016970926895737648, 0.018085869029164314, 0.01920081116259098, 0.020315755158662796, 0.021430697292089462, 0.02254563942551613, 0.023660581558942795, 0.02477552369236946, 0.025890467688441277, 0.027005409821867943, 0.02812035195529461, 0.029235295951366425, 0.03035023808479309, 0.03146518021821976]}, "gradients/fc_out.weight": {"_type": "histogram", "values": [2.0, 0.0, 0.0, 0.0, 0.0, 0.0, 0.0, 0.0, 0.0, 0.0, 0.0, 0.0, 0.0, 0.0, 1.0, 0.0, 2.0, 0.0, 2.0, 1.0, 1.0, 5.0, 5.0, 6.0, 13.0, 19.0, 22.0, 53.0, 86.0, 137.0, 261.0, 362.0, 668.0, 2185.0, 76367.0, 835.0, 402.0, 227.0, 117.0, 53.0, 31.0, 15.0, 19.0, 9.0, 5.0, 1.0, 1.0, 1.0, 1.0, 2.0, 1.0, 0.0, 0.0, 0.0, 0.0, 0.0, 0.0, 0.0, 0.0, 0.0, 0.0, 0.0, 0.0, 2.0], "bins": [-0.2941223084926605, -0.28548622131347656, -0.2768501341342926, -0.26821404695510864, -0.2595779597759247, -0.2509418725967407, -0.24230580031871796, -0.233669713139534, -0.22503364086151123, -0.21639755368232727, -0.2077614665031433, -0.19912537932395935, -0.19048930704593658, -0.18185321986675262, -0.17321713268756866, -0.1645810455083847, -0.15594495832920074, -0.14730887115001678, -0.13867278397083282, -0.13003671169281006, -0.1214006245136261, -0.11276453733444214, -0.10412845015525818, -0.09549236297607422, -0.08685627579689026, -0.0782201886177063, -0.06958410888910294, -0.060948021709918976, -0.052311938256025314, -0.04367585480213165, -0.03503976762294769, -0.02640368416905403, -0.017767608165740967, -0.00913152378052473, -0.0004954393953084946, 0.008140645921230316, 0.016776729375123978, 0.02541281282901764, 0.0340489000082016, 0.04268498346209526, 0.051321059465408325, 0.05995714291930199, 0.06859322637319565, 0.07722931355237961, 0.08586539328098297, 0.09450148046016693, 0.10313756763935089, 0.11177365481853485, 0.12040974199771881, 0.12904582917690277, 0.13768191635608673, 0.1463179886341095, 0.15495407581329346, 0.16359016299247742, 0.17222625017166138, 0.18086233735084534, 0.1894984245300293, 0.19813451170921326, 0.20677059888839722, 0.21540668606758118, 0.22404275834560394, 0.2326788455247879, 0.24131493270397186, 0.24995101988315582, 0.2585870921611786]}, "gradients/conv_layer.5.bias": {"_type": "histogram", "values": [1.0, 1.0, 0.0, 1.0, 2.0, 0.0, 0.0, 0.0, 2.0, 1.0, 1.0, 3.0, 1.0, 2.0, 2.0, 1.0, 7.0, 5.0, 4.0, 4.0, 8.0, 21.0, 11.0, 8.0, 4.0, 4.0, 0.0, 4.0, 0.0, 4.0, 3.0, 1.0, 3.0, 2.0, 0.0, 3.0, 1.0, 2.0, 3.0, 1.0, 2.0, 2.0, 0.0, 0.0, 0.0, 0.0, 0.0, 0.0, 1.0, 0.0, 0.0, 0.0, 1.0, 0.0, 0.0, 0.0, 0.0, 0.0, 0.0, 0.0, 0.0, 0.0, 0.0, 1.0], "bins": [-0.10514930635690689, -0.10033726692199707, -0.09552522748708725, -0.09071318805217743, -0.08590114116668701, -0.08108910918235779, -0.07627706229686737, -0.07146502286195755, -0.06665298342704773, -0.06184094399213791, -0.05702890455722809, -0.05221686139702797, -0.04740482196211815, -0.04259278252720833, -0.03778073936700821, -0.03296869993209839, -0.028156660497188568, -0.023344621062278748, -0.018532579764723778, -0.013720539398491383, -0.008908499032258987, -0.004096459597349167, 0.0007155817002058029, 0.005527622997760773, 0.010339662432670593, 0.015151702798902988, 0.019963743165135384, 0.024775784462690353, 0.029587823897600174, 0.034399863332509995, 0.039211906492710114, 0.044023945927619934, 0.04883599281311035, 0.05364803224802017, 0.05846007168292999, 0.06327211111783981, 0.06808415055274963, 0.07289619743824005, 0.07770823687314987, 0.08252027630805969, 0.08733231574296951, 0.09214435517787933, 0.09695639461278915, 0.10176843404769897, 0.10658048093318939, 0.11139251291751862, 0.11620455980300903, 0.12101659923791885, 0.12582863867282867, 0.1306406855583191, 0.13545271754264832, 0.14026476442813873, 0.14507679641246796, 0.14988884329795837, 0.1547008752822876, 0.15951292216777802, 0.16432496905326843, 0.16913701593875885, 0.17394904792308807, 0.1787610948085785, 0.18357312679290771, 0.18838517367839813, 0.19319720566272736, 0.19800925254821777, 0.202821284532547]}, "gradients/conv_layer.5.weight": {"_type": "histogram", "values": [1.0, 1.0, 0.0, 0.0, 0.0, 0.0, 1.0, 0.0, 1.0, 2.0, 2.0, 0.0, 1.0, 0.0, 1.0, 1.0, 0.0, 2.0, 1.0, 1.0, 1.0, 3.0, 5.0, 13.0, 5.0, 17.0, 21.0, 19.0, 36.0, 55.0, 109.0, 168.0, 406.0, 1028.0, 3094.0, 17725.0, 174077.0, 4792.0, 1574.0, 728.0, 343.0, 192.0, 110.0, 83.0, 67.0, 40.0, 20.0, 14.0, 6.0, 5.0, 9.0, 4.0, 2.0, 4.0, 2.0, 1.0, 3.0, 0.0, 0.0, 1.0, 1.0, 1.0, 0.0, 1.0], "bins": [-0.26250237226486206, -0.2552379071712494, -0.2479734718799591, -0.24070900678634644, -0.23344455659389496, -0.22618010640144348, -0.2189156413078308, -0.21165119111537933, -0.20438674092292786, -0.19712229073047638, -0.1898578405380249, -0.18259337544441223, -0.17532892525196075, -0.16806447505950928, -0.1608000099658966, -0.15353555977344513, -0.14627110958099365, -0.13900665938854218, -0.1317422091960907, -0.12447774410247803, -0.11721329391002655, -0.10994884371757507, -0.102684386074543, -0.09541992843151093, -0.08815547823905945, -0.08089102804660797, -0.0736265704035759, -0.06636211276054382, -0.059097662568092346, -0.05183320865035057, -0.044568754732608795, -0.03730430081486702, -0.030039846897125244, -0.02277539297938347, -0.015510939061641693, -0.008246485143899918, -0.000982031226158142, 0.006282422691583633, 0.013546876609325409, 0.020811330527067184, 0.02807578444480896, 0.035340238362550735, 0.04260469228029251, 0.049869146198034286, 0.05713360011577606, 0.06439805030822754, 0.07166250795125961, 0.07892696559429169, 0.08619141578674316, 0.09345586597919464, 0.10072032362222672, 0.10798478126525879, 0.11524923145771027, 0.12251368165016174, 0.12977814674377441, 0.1370425969362259, 0.14430704712867737, 0.15157149732112885, 0.15883594751358032, 0.166100412607193, 0.17336486279964447, 0.18062931299209595, 0.18789377808570862, 0.1951582282781601, 0.20242267847061157]}, "gradients/conv_layer.2.bias": {"_type": "histogram",