{"graph_0": {"_type": "graph-file", "path": "media/graph/graph_0_summary_be2786a7.graph.json", "sha256": "be2786a7314e7ccaebda5f2f38db134d2a9c5917621b779db535c851688db280", "size": 1694}, "Train Loss": 0.8862913994707613, "Val Loss": 0.8704096997777621, "Train Acc": 68.9508547008547, "Val Acc": 69.50641025641026, "_runtime": 309, "_timestamp": 1621179407, "_step": 14, "gradients/fc_out.bias": {"_type": "histogram", "values": [1.0, 0.0, 0.0, 0.0, 0.0, 0.0, 0.0, 0.0, 0.0, 0.0, 0.0, 1.0, 0.0, 0.0, 0.0, 0.0, 0.0, 0.0, 1.0, 0.0, 0.0, 0.0, 0.0, 0.0, 0.0, 1.0, 0.0, 1.0, 0.0, 0.0, 0.0, 0.0, 0.0, 0.0, 0.0, 0.0, 0.0, 0.0, 0.0, 1.0, 0.0, 0.0, 0.0, 2.0, 0.0, 0.0, 0.0, 0.0, 0.0, 0.0, 0.0, 0.0, 1.0, 0.0, 0.0, 0.0, 0.0, 0.0, 0.0, 0.0, 0.0, 0.0, 0.0, 1.0], "bins": [-0.04906756430864334, -0.047566115856170654, -0.046064671128988266, -0.04456322267651558, -0.04306177422404289, -0.041560329496860504, -0.04005888104438782, -0.03855743259191513, -0.037055984139442444, -0.03555453568696976, -0.03405309095978737, -0.03255164250731468, -0.031050194054841995, -0.029548747465014458, -0.02804730087518692, -0.026545852422714233, -0.025044407695531845, -0.023542961105704308, -0.02204151265323162, -0.020540066063404083, -0.019038617610931396, -0.01753717102110386, -0.01603572443127632, -0.01453427691012621, -0.013032831251621246, -0.011531383730471134, -0.010029936209321022, -0.008528489619493484, -0.007027042098343372, -0.00552559457719326, -0.004024147987365723, -0.0025227004662156105, -0.0010212510824203491, 0.0004801962058991194, 0.001981643494218588, 0.0034830905497074127, 0.004984538070857525, 0.006485985592007637, 0.007987432181835175, 0.009488879702985287, 0.010990329086780548, 0.01249177660793066, 0.013993224129080772, 0.01549467071890831, 0.016996119171380997, 0.018497565761208534, 0.019999012351036072, 0.02150046080350876, 0.023001905530691147, 0.024503352120518684, 0.02600480057299137, 0.02750624716281891, 0.029007695615291595, 0.030509142205119133, 0.03201058879494667, 0.03351203724741936, 0.035013481974601746, 0.03651493042707443, 0.03801637515425682, 0.03951782360672951, 0.041019272059202194, 0.04252071678638458, 0.04402216523885727, 0.045523613691329956, 0.04702506214380264]}, "gradients/fc_out.weight": {"_type": "histogram", "values": [2.0, 1.0, 0.0, 3.0, 3.0, 3.0, 2.0, 3.0, 5.0, 11.0, 6.0, 10.0, 9.0, 13.0, 28.0, 31.0, 51.0, 52.0, 72.0, 84.0, 146.0, 147.0, 227.0, 257.0, 339.0, 487.0, 601.0, 832.0, 1066.0, 1524.0, 2439.0, 64435.0, 3882.0, 1774.0, 1070.0, 669.0, 471.0, 324.0, 203.0, 150.0, 134.0, 74.0, 77.0, 42.0, 36.0, 27.0, 16.0, 16.0, 11.0, 9.0, 10.0, 5.0, 6.0, 8.0, 4.0, 2.0, 3.0, 0.0, 3.0, 1.0, 2.0, 0.0, 1.0, 1.0], "bins": [-0.05796625092625618, -0.056111257523298264, -0.05425626412034035, -0.05240127071738243, -0.050546277314424515, -0.0486912839114666, -0.046836286783218384, -0.04498129338026047, -0.04312629997730255, -0.041271306574344635, -0.03941631317138672, -0.0375613197684288, -0.035706326365470886, -0.03385133296251297, -0.031996339559555054, -0.030141344293951988, -0.02828635275363922, -0.026431359350681305, -0.02457636594772339, -0.022721372544765472, -0.020866379141807556, -0.01901138573884964, -0.017156390473246574, -0.015301397070288658, -0.013446401804685593, -0.011591408401727676, -0.00973641499876976, -0.00788142066448927, -0.006026427261531353, -0.004171433858573437, -0.002316439524292946, -0.0004614461213350296, 0.0013935491442680359, 0.003248542780056596, 0.005103536415845156, 0.006958530284464359, 0.008813523687422276, 0.010668517090380192, 0.012523511424660683, 0.014378504827618599, 0.016233496367931366, 0.018088489770889282, 0.0199434831738472, 0.021798476576805115, 0.02365346997976303, 0.025508463382720947, 0.027363458648324013, 0.02921845205128193, 0.031073447316884995, 0.03292844071984291, 0.03478343412280083, 0.03663842752575874, 0.03849342092871666, 0.040348414331674576, 0.04220341145992279, 0.04405840486288071, 0.04591339826583862, 0.04776839166879654, 0.049623385071754456, 0.05147837847471237, 0.05333337187767029, 0.055188365280628204, 0.05704335868358612, 0.05889835208654404, 0.06075334548950195]}, "gradients/conv_layer.5.bias": {"_type": "histogram", "values": [1.0, 0.0, 0.0, 0.0, 0.0, 0.0, 0.0, 0.0, 0.0, 0.0, 0.0, 0.0, 0.0, 0.0, 0.0, 2.0, 0.0, 0.0, 1.0, 3.0, 2.0, 3.0, 2.0, 0.0, 0.0, 1.0, 2.0, 2.0, 2.0, 1.0, 6.0, 5.0, 48.0, 13.0, 0.0, 7.0, 2.0, 0.0, 4.0, 3.0, 3.0, 3.0, 4.0, 0.0, 0.0, 1.0, 1.0, 0.0, 0.0, 2.0, 1.0, 0.0, 1.0, 0.0, 0.0, 0.0, 0.0, 0.0, 0.0, 0.0, 0.0, 0.0, 0.0, 2.0], "bins": [-0.15756195783615112, -0.15277600288391113, -0.14799006283283234, -0.14320410788059235, -0.13841816782951355, -0.13363221287727356, -0.12884625792503357, -0.12406031787395477, -0.11927436292171478, -0.11448841542005539, -0.109702467918396, -0.104916512966156, -0.10013056546449661, -0.09534461796283722, -0.09055867046117783, -0.08577272295951843, -0.08098677545785904, -0.07620082795619965, -0.07141488045454025, -0.06662893295288086, -0.06184297800064087, -0.057057030498981476, -0.05227108299732208, -0.04748513177037239, -0.042699187994003296, -0.0379132404923439, -0.03312728926539421, -0.028341341763734818, -0.023555392399430275, -0.018769443035125732, -0.013983495533466339, -0.009197544306516647, -0.004411593079566956, 0.00037435581907629967, 0.005160304717719555, 0.009946253150701523, 0.014732202515006065, 0.019518151879310608, 0.02430409938097, 0.029090050607919693, 0.033876001834869385, 0.03866194933652878, 0.04344790056347847, 0.04823384806513786, 0.053019799292087555, 0.05780574679374695, 0.06259169429540634, 0.06737764179706573, 0.07216358929872513, 0.07694953680038452, 0.08173548430204391, 0.08652143180370331, 0.0913073867559433, 0.09609333425760269, 0.10087928175926208, 0.10566523671150208, 0.11045117676258087, 0.11523712426424026, 0.12002307176589966, 0.12480902671813965, 0.12959496676921844, 0.13438092172145844, 0.13916686177253723, 0.14395281672477722, 0.1487387716770172]}, "gradients/conv_layer.5.weight": {"_type": "histogram", "values": [1.0, 3.0, 0.0, 7.0, 5.0, 11.0, 16.0, 22.0, 39.0, 58.0, 76.0, 123.0, 175.0, 285.0, 471.0, 817.0, 1358.0, 2457.0, 4630.0, 11939.0, 167260.0, 6895.0, 3399.0, 1844.0, 1081.0, 625.0, 368.0, 245.0, 161.0, 119.0, 92.0, 69.0, 30.0, 30.0, 25.0, 17.0, 10.0, 12.0, 10.0, 2.0, 1.0, 3.0, 1.0, 1.0, 1.0, 1.0, 1.0, 0.0, 0.0, 0.0, 0.0, 0.0, 0.0, 0.0, 0.0, 1.0, 0.0, 1.0, 0.0, 0.0, 0.0, 1.0, 0.0, 1.0], "bins": [-0.04395607113838196, -0.04177830368280411, -0.03960053250193596, -0.03742276132106781, -0.03524499386548996, -0.03306722640991211, -0.03088945522904396, -0.02871168591082096, -0.02653391659259796, -0.024356147274374962, -0.022178377956151962, -0.020000608637928963, -0.017822839319705963, -0.015645070001482964, -0.013467300683259964, -0.011289531365036964, -0.009111762046813965, -0.006933992728590965, -0.004756223410367966, -0.002578454092144966, -0.00040068477392196655, 0.001777084544301033, 0.003954853862524033, 0.006132623180747032, 0.008310392498970032, 0.010488161817193031, 0.012665931135416031, 0.01484370045363903, 0.01702146977186203, 0.01919923909008503, 0.02137700840830803, 0.02355477772653103, 0.02573254704475403, 0.027910316362977028, 0.030088085681200027, 0.032265856862068176, 0.03444362431764603, 0.03662139177322388, 0.038799162954092026, 0.040976934134960175, 0.043154701590538025, 0.045332469046115875, 0.047510240226984024, 0.04968801140785217, 0.05186577886343002, 0.054043546319007874, 0.05622131749987602, 0.05839908868074417, 0.06057685613632202, 0.06275462359189987, 0.06493239104747772, 0.06711016595363617, 0.06928793340921402, 0.07146570086479187, 0.07364347577095032, 0.07582124322652817, 0.07799901068210602, 0.08017677813768387, 0.08235454559326172, 0.08453232049942017, 0.08671008795499802, 0.08888785541057587, 0.09106563031673431, 0.09324339777231216, 0.09542116522789001]}, "gradients/conv_layer.2.bias": {"_type": "histogram",