{"graph_0": {"_type": "graph-file", "path": "media/graph/graph_0_summary_821f2f9c.graph.json", "sha256": "821f2f9c4df447012e5da9ec0164c1b4294098177a75ff9243011732779641e8", "size": 1130}, "Train Loss": 1.2654582974495985, "Val Loss": 1.880500499343872, "Train Acc": 60.338313767342584, "Val Acc": 43.9968, "_runtime": 273, "_timestamp": 1620689959, "_step": 14, "gradients/linear_layers.3.bias": {"_type": "histogram", "values": [1.0, 0.0, 0.0, 0.0, 0.0, 0.0, 1.0, 0.0, 0.0, 1.0, 0.0, 0.0, 0.0, 0.0, 0.0, 0.0, 0.0, 0.0, 0.0, 0.0, 0.0, 0.0, 1.0, 0.0, 0.0, 0.0, 3.0, 0.0, 0.0, 1.0, 0.0, 0.0, 1.0, 0.0, 0.0, 0.0, 0.0, 0.0, 0.0, 0.0, 0.0, 0.0, 0.0, 0.0, 0.0, 0.0, 0.0, 0.0, 0.0, 0.0, 0.0, 0.0, 0.0, 0.0, 0.0, 0.0, 0.0, 0.0, 0.0, 0.0, 0.0, 0.0, 0.0, 1.0], "bins": [-0.03251650929450989, -0.031284041702747345, -0.030051572248339653, -0.02881910279393196, -0.02758663520216942, -0.026354167610406876, -0.025121698155999184, -0.02388922870159149, -0.02265676110982895, -0.021424293518066406, -0.020191824063658714, -0.018959354609251022, -0.01772688701748848, -0.016494419425725937, -0.015261949971318245, -0.014029481448233128, -0.01279701292514801, -0.011564544402062893, -0.010332075878977776, -0.009099607355892658, -0.007867138832807541, -0.0066346703097224236, -0.005402201786637306, -0.004169733263552189, -0.0029372647404670715, -0.0017047962173819542, -0.00047232769429683685, 0.0007601408287882805, 0.001992609351873398, 0.003225077874958515, 0.0044575463980436325, 0.00569001492112875, 0.006922487169504166, 0.008154955692589283, 0.0093874242156744, 0.010619892738759518, 0.011852361261844635, 0.013084829784929752, 0.01431729830801487, 0.015549766831099987, 0.016782235354185104, 0.018014702945947647, 0.01924717240035534, 0.02047964185476303, 0.021712109446525574, 0.022944577038288116, 0.02417704649269581, 0.0254095159471035, 0.026641983538866043, 0.027874451130628586, 0.029106920585036278, 0.03033939003944397, 0.03157185763120651, 0.032804325222969055, 0.0340367928147316, 0.03526926413178444, 0.03650173172354698, 0.037734199315309525, 0.038966670632362366, 0.04019913822412491, 0.04143160581588745, 0.042664073407649994, 0.04389654099941254, 0.04512901231646538, 0.04636147990822792]}, "gradients/linear_layers.3.weight": {"_type": "histogram", "values": [1.0, 0.0, 2.0, 3.0, 0.0, 1.0, 1.0, 4.0, 8.0, 3.0, 3.0, 8.0, 6.0, 7.0, 14.0, 13.0, 20.0, 20.0, 24.0, 25.0, 23.0, 36.0, 39.0, 37.0, 53.0, 61.0, 71.0, 74.0, 119.0, 162.0, 1290.0, 169.0, 43.0, 14.0, 10.0, 21.0, 10.0, 15.0, 14.0, 12.0, 9.0, 7.0, 8.0, 9.0, 10.0, 10.0, 9.0, 14.0, 12.0, 3.0, 5.0, 3.0, 9.0, 2.0, 3.0, 1.0, 0.0, 5.0, 3.0, 1.0, 0.0, 0.0, 0.0, 1.0], "bins": [-0.1669778972864151, -0.16143696010112762, -0.15589603781700134, -0.15035510063171387, -0.1448141634464264, -0.1392732411623001, -0.13373230397701263, -0.12819138169288635, -0.12265044450759888, -0.117109514772892, -0.11156858503818512, -0.10602764785289764, -0.10048671811819077, -0.09494578838348389, -0.08940485119819641, -0.08386392146348953, -0.07832299172878265, -0.07278206199407578, -0.0672411322593689, -0.06170019507408142, -0.05615926533937454, -0.050618335604667664, -0.045077402144670486, -0.03953646868467331, -0.03399553894996643, -0.028454607352614403, -0.022913675755262375, -0.017372744157910347, -0.011831812560558319, -0.006290880963206291, -0.0007499493658542633, 0.004790984094142914, 0.010331898927688599, 0.015872830525040627, 0.021413762122392654, 0.026954693719744682, 0.03249562531709671, 0.03803655505180359, 0.043577488511800766, 0.04911842197179794, 0.05465935170650482, 0.0602002814412117, 0.06574121117591858, 0.07128214836120605, 0.07682307809591293, 0.08236400783061981, 0.08790494501590729, 0.09344587475061417, 0.09898680448532104, 0.10452773422002792, 0.1100686639547348, 0.11560960114002228, 0.12115053087472916, 0.12669146060943604, 0.1322323977947235, 0.137773334980011, 0.14331425726413727, 0.14885519444942474, 0.15439611673355103, 0.1599370539188385, 0.16547799110412598, 0.17101891338825226, 0.17655985057353973, 0.18210077285766602, 0.1876417100429535]}, "gradients/linear_layers.2.bias": {"_type": "histogram", "values": [1.0, 0.0, 0.0, 0.0, 0.0, 1.0, 0.0, 3.0, 0.0, 3.0, 0.0, 1.0, 0.0, 1.0, 5.0, 3.0, 4.0, 7.0, 2.0, 5.0, 4.0, 4.0, 2.0, 6.0, 6.0, 9.0, 5.0, 6.0, 11.0, 8.0, 10.0, 3.0, 22.0, 11.0, 9.0, 7.0, 8.0, 4.0, 10.0, 9.0, 4.0, 9.0, 9.0, 5.0, 2.0, 8.0, 3.0, 3.0, 6.0, 2.0, 4.0, 1.0, 5.0, 1.0, 1.0, 1.0, 0.0, 0.0, 0.0, 0.0, 1.0, 0.0, 0.0, 1.0], "bins": [-0.009427126497030258, -0.009135250933468342, -0.008843376301229, -0.008551500737667084, -0.008259626105427742, -0.007967750541865826, -0.007675875443965197, -0.0073840003460645676, -0.007092124782502651, -0.006800249684602022, -0.006508374586701393, -0.006216499023139477, -0.005924623925238848, -0.005632748827338219, -0.00534087372943759, -0.005048998631536961, -0.0047571235336363316, -0.0044652484357357025, -0.0041733733378350735, -0.0038814980071038008, -0.003589622676372528, -0.003297747578471899, -0.00300587248057127, -0.0027139971498399973, -0.002422122284770012, -0.002130247186869383, -0.0018383718561381102, -0.0015464967582374811, -0.0012546215439215302, -0.0009627463296055794, -0.0006708712317049503, -0.00037899590097367764, -8.712057024240494e-05, 0.00020475461496971548, 0.0004966298001818359, 0.0007885049562901258, 0.0010803801706060767, 0.0013722553849220276, 0.0016641304828226566, 0.0019560058135539293, 0.002247881144285202, 0.002539756242185831, 0.0028316315729171038, 0.003123506670817733, 0.0034153820015490055, 0.0037072570994496346, 0.003999132197350264, 0.004291007295250893, 0.004582882393151522, 0.004874757491052151, 0.00516663258895278, 0.005458507686853409, 0.005750383250415325, 0.006042258348315954, 0.006334133446216583, 0.0066260090097785, 0.006917883642017841, 0.00720975873991847, 0.007501633837819099, 0.007793509401381016, 0.008085384033620358, 0.008377259597182274, 0.008669134229421616, 0.008961009792983532, 0.009252885356545448]}, "gradients/linear_layers.2.weight": {"_type": "histogram", "values": [2.0, 0.0, 1.0, 2.0, 2.0, 1.0, 4.0, 3.0, 8.0, 8.0, 10.0, 13.0, 13.0, 21.0, 29.0, 39.0, 53.0, 80.0, 84.0, 117.0, 162.0, 211.0, 260.0, 330.0, 479.0, 611.0, 806.0, 1080.0, 1468.0, 1927.0, 2614.0, 3213.0, 4298.0, 5646.0, 8108.0, 10015.0, 5291.0, 4072.0, 3265.0, 2526.0, 2001.0, 1554.0, 1118.0, 877.0, 715.0, 545.0, 423.0, 333.0, 253.0, 206.0, 156.0, 124.0, 92.0, 72.0, 49.0, 42.0, 22.0, 26.0, 25.0, 7.0, 14.0, 2.0, 4.0, 4.0], "bins": [-0.026564309373497963, -0.025805512443184853, -0.025046713650226593, -0.024287916719913483, -0.023529119789600372, -0.022770320996642113, -0.022011524066329002, -0.021252725273370743, -0.020493928343057632, -0.019735131412744522, -0.018976332619786263, -0.018217535689473152, -0.017458738759160042, -0.016699939966201782, -0.015941143035888672, -0.015182345174252987, -0.014423548243939877, -0.013664750382304192, -0.012905953451991081, -0.012147155590355396, -0.011388357728719711, -0.010629560798406601, -0.009870762936770916, -0.009111965075135231, -0.00835316814482212, -0.007594370748847723, -0.006835572887212038, -0.00607677549123764, -0.005317977629601955, -0.004559180233627558, -0.00380038283765316, -0.003041584976017475, -0.00228278711438179, -0.0015239894855767488, -0.0007651919731870294, -6.3944607973098755e-06, 0.0007524031680077314, 0.0015112007968127728, 0.0022699981927871704, 0.0030287960544228554, 0.0037875939160585403, 0.004546391312032938, 0.005305189173668623, 0.006063986569643021, 0.006822784431278706, 0.007581581827253103, 0.008340379223227501, 0.009099177084863186, 0.009857974015176296, 0.010616771876811981, 0.011375568807125092, 0.012134366668760777, 0.012893164530396461, 0.013651961460709572, 0.014410759322345257, 0.015169557183980942, 0.015928354114294052, 0.016687151044607162, 0.017445949837565422, 0.018204746767878532, 0.018963543698191643, 0.019722342491149902, 0.020481139421463013, 0.021239936351776123, 0.021998735144734383]}, "gradients/linear_layers.1.bias": {"_type": "histogram",