{"graph_0": {"_type": "graph-file", "path": "media/graph/graph_0_summary_9740db39.graph.json", "sha256": "9740db3992b79f1e3c64d2f5a493b35314c2726ce4fdacdc4a2a090b50aac011", "size": 1688}, "Train Loss": 0.6612578526011899, "Val Loss": 0.8996342717646024, "Train Acc": 76.86324786324786, "Val Acc": 69.82051282051282, "_runtime": 196, "_timestamp": 1620942989, "_step": 14, "gradients/fc_out.bias": {"_type": "histogram", "values": [1.0, 0.0, 0.0, 0.0, 0.0, 0.0, 0.0, 0.0, 0.0, 0.0, 0.0, 0.0, 0.0, 0.0, 0.0, 0.0, 0.0, 1.0, 0.0, 0.0, 0.0, 0.0, 0.0, 0.0, 0.0, 1.0, 0.0, 0.0, 0.0, 1.0, 0.0, 0.0, 0.0, 0.0, 0.0, 0.0, 0.0, 0.0, 0.0, 0.0, 0.0, 0.0, 0.0, 0.0, 0.0, 0.0, 0.0, 0.0, 0.0, 2.0, 0.0, 0.0, 0.0, 0.0, 0.0, 1.0, 0.0, 0.0, 1.0, 0.0, 0.0, 0.0, 0.0, 2.0], "bins": [-0.0345122255384922, -0.03367592766880989, -0.03283963352441788, -0.032003335654735565, -0.03116704151034355, -0.03033074550330639, -0.029494449496269226, -0.028658151626586914, -0.0278218574821949, -0.026985561475157738, -0.026149265468120575, -0.025312969461083412, -0.02447667345404625, -0.023640377447009087, -0.022804081439971924, -0.021967783570289612, -0.02113148756325245, -0.020295191556215286, -0.019458895549178123, -0.01862259954214096, -0.017786303535103798, -0.016950007528066635, -0.016113709658384323, -0.015277414582669735, -0.014441117644309998, -0.013604821637272835, -0.012768525630235672, -0.01193222962319851, -0.011095933616161346, -0.010259637609124184, -0.009423340670764446, -0.008587044663727283, -0.007750749588012695, -0.0069144535809755325, -0.00607815757393837, -0.00524186110123992, -0.004405565094202757, -0.003569269087165594, -0.002732972614467144, -0.0018966766074299812, -0.001060381531715393, -0.00022408540826290846, 0.0006122107151895761, 0.0014485069550573826, 0.0022848029620945454, 0.003121098969131708, 0.003957395441830158, 0.004793691448867321, 0.005629988387227058, 0.006466284394264221, 0.007302580401301384, 0.008138876408338547, 0.00897517241537571, 0.009811468422412872, 0.01064776536077261, 0.011484061367809772, 0.012320357374846935, 0.013156653381884098, 0.01399294938892126, 0.014829246327280998, 0.01566554233431816, 0.016501838341355324, 0.017338134348392487, 0.01817443035542965, 0.019010726362466812]}, "gradients/fc_out.weight": {"_type": "histogram", "values": [1.0, 0.0, 0.0, 1.0, 2.0, 1.0, 0.0, 2.0, 3.0, 4.0, 3.0, 4.0, 8.0, 10.0, 4.0, 5.0, 7.0, 10.0, 20.0, 18.0, 25.0, 25.0, 34.0, 41.0, 63.0, 88.0, 79.0, 128.0, 137.0, 180.0, 240.0, 311.0, 411.0, 580.0, 739.0, 1145.0, 3069.0, 28088.0, 2202.0, 1150.0, 655.0, 412.0, 303.0, 182.0, 138.0, 117.0, 87.0, 62.0, 40.0, 29.0, 27.0, 13.0, 15.0, 13.0, 6.0, 5.0, 7.0, 1.0, 2.0, 1.0, 3.0, 1.0, 0.0, 3.0], "bins": [-0.07442870736122131, -0.07241721451282501, -0.07040571421384811, -0.06839422136545181, -0.06638272106647491, -0.06437122821807861, -0.062359731644392014, -0.060348235070705414, -0.058336738497018814, -0.056325241923332214, -0.054313745349645615, -0.052302248775959015, -0.050290755927562714, -0.048279255628585815, -0.046267762780189514, -0.044256266206502914, -0.042244769632816315, -0.040233273059129715, -0.038221776485443115, -0.036210279911756516, -0.034198783338069916, -0.032187290489673615, -0.030175793915987015, -0.028164297342300415, -0.026152800768613815, -0.024141304194927216, -0.022129807621240616, -0.020118312910199165, -0.018106816336512566, -0.016095319762825966, -0.01408382412046194, -0.012072328478097916, -0.010060824453830719, -0.00804932788014412, -0.006037832237780094, -0.004026336129754782, -0.0020148400217294693, -3.343448042869568e-06, 0.0020081521943211555, 0.004019647836685181, 0.00603114441037178, 0.00804264098405838, 0.010054136626422405, 0.01206563226878643, 0.01407712884247303, 0.01608862541615963, 0.01810012012720108, 0.02011161670088768, 0.02212311327457428, 0.02413460984826088, 0.02614610642194748, 0.02815760113298893, 0.03016909770667553, 0.03218059241771698, 0.03419208899140358, 0.03620358556509018, 0.03821508213877678, 0.04022657871246338, 0.04223807528614998, 0.04424957185983658, 0.04626106470823288, 0.04827256500720978, 0.05028405785560608, 0.05229555442929268, 0.05430705100297928]}, "gradients/conv_layer.5.bias": {"_type": "histogram", "values": [1.0, 0.0, 0.0, 0.0, 0.0, 1.0, 0.0, 2.0, 1.0, 0.0, 1.0, 2.0, 2.0, 3.0, 1.0, 3.0, 1.0, 2.0, 0.0, 3.0, 2.0, 5.0, 2.0, 12.0, 3.0, 1.0, 1.0, 1.0, 1.0, 4.0, 0.0, 0.0, 1.0, 1.0, 0.0, 1.0, 1.0, 0.0, 0.0, 1.0, 0.0, 0.0, 0.0, 0.0, 1.0, 2.0, 0.0, 0.0, 0.0, 0.0, 0.0, 0.0, 0.0, 0.0, 0.0, 0.0, 0.0, 0.0, 0.0, 0.0, 0.0, 0.0, 0.0, 1.0], "bins": [-0.09122467041015625, -0.08729701489210129, -0.08336935937404633, -0.07944169640541077, -0.0755140408873558, -0.07158638536930084, -0.06765872985124588, -0.06373107433319092, -0.05980341508984566, -0.055875759571790695, -0.051948100328445435, -0.04802044481039047, -0.04409278929233551, -0.04016513004899025, -0.03623747453093529, -0.03230981528759003, -0.028382159769535065, -0.024454502388834953, -0.020526845008134842, -0.01659918949007988, -0.012671532109379768, -0.008743874728679657, -0.004816219210624695, -0.0008885618299245834, 0.0030390918254852295, 0.006966748740524054, 0.010894405655562878, 0.014822062104940414, 0.018749719485640526, 0.022677376866340637, 0.0266050323843956, 0.03053268976509571, 0.03446035087108612, 0.03838800638914108, 0.04231566563248634, 0.046243321150541306, 0.050170980393886566, 0.05409863591194153, 0.05802629142999649, 0.06195394694805145, 0.06588160991668701, 0.06980926543474197, 0.07373692095279694, 0.0776645839214325, 0.08159223943948746, 0.08551989495754242, 0.08944755047559738, 0.09337520599365234, 0.0973028615117073, 0.10123051702976227, 0.10515817254781723, 0.10908582806587219, 0.11301349103450775, 0.11694114655256271, 0.12086880207061768, 0.12479645758867264, 0.1287241131067276, 0.13265177607536316, 0.13657942414283752, 0.14050708711147308, 0.14443473517894745, 0.148362398147583, 0.15229004621505737, 0.15621770918369293, 0.1601453721523285]}, "gradients/conv_layer.5.weight": {"_type": "histogram", "values": [1.0, 1.0, 2.0, 11.0, 15.0, 15.0, 23.0, 26.0, 42.0, 60.0, 87.0, 100.0, 154.0, 226.0, 304.0, 463.0, 678.0, 1038.0, 1596.0, 2613.0, 4049.0, 7070.0, 21707.0, 3864.0, 2343.0, 1561.0, 955.0, 641.0, 436.0, 306.0, 235.0, 144.0, 98.0, 73.0, 54.0, 42.0, 29.0, 23.0, 25.0, 17.0, 14.0, 6.0, 7.0, 7.0, 5.0, 7.0, 2.0, 5.0, 5.0, 1.0, 0.0, 3.0, 1.0, 1.0, 2.0, 1.0, 2.0, 0.0, 1.0, 0.0, 0.0, 0.0, 0.0, 3.0], "bins": [-0.04030254855751991, -0.038479916751384735, -0.03665728494524956, -0.03483465313911438, -0.0330120213329792, -0.031189389526844025, -0.029366759583353996, -0.02754412777721882, -0.02572149597108364, -0.023898864164948463, -0.022076232358813286, -0.020253602415323257, -0.01843097060918808, -0.016608338803052902, -0.014785706996917725, -0.012963075190782547, -0.01114044338464737, -0.009317811578512192, -0.0074951802380383015, -0.005672548897564411, -0.0038499170914292336, -0.002027285285294056, -0.00020465441048145294, 0.0016179773956537247, 0.003440607339143753, 0.005263239145278931, 0.007085870485752821, 0.008908501826226711, 0.010731133632361889, 0.012553765438497066, 0.01437639631330967, 0.016199028119444847, 0.018021665513515472, 0.01984429731965065, 0.021666929125785828, 0.023489560931921005, 0.025312192738056183, 0.02713482454419136, 0.02895745448768139, 0.030780086293816566, 0.03260271996259689, 0.03442535176873207, 0.03624798357486725, 0.038070615381002426, 0.039893247187137604, 0.04171587899327278, 0.04353851079940796, 0.04536113888025284, 0.047183770686388016, 0.04900640249252319, 0.05082903429865837, 0.05265166610479355, 0.054474297910928726, 0.056296929717063904, 0.05811955779790878, 0.05994219332933426, 0.06176482141017914, 0.06358744949102402, 0.0654100850224495, 0.06723271310329437, 0.06905534863471985, 0.07087797671556473, 0.0727006122469902, 0.07452324032783508, 0.07634587585926056]}, "gradients/conv_layer.2.bias": {"_type": "histogram",