{"graph_0": {"_type": "graph-file", "path": "media/graph/graph_0_summary_0889e088.graph.json", "sha256": "0889e0883114a4e000bf49839c58ad68c7617ae41806aaae5d6359e5238e27e3", "size": 1449}, "Train Loss": 0.6838552758861811, "Val Loss": 0.9590173187928323, "Train Acc": 75.85897435897436, "Val Acc": 67.37820512820512, "_runtime": 198, "_timestamp": 1620942088, "_step": 14, "gradients/fc_out.bias": {"_type": "histogram", "values": [1.0, 0.0, 0.0, 0.0, 0.0, 0.0, 0.0, 0.0, 0.0, 0.0, 0.0, 0.0, 0.0, 0.0, 0.0, 0.0, 0.0, 1.0, 0.0, 0.0, 0.0, 0.0, 0.0, 0.0, 0.0, 0.0, 1.0, 0.0, 0.0, 0.0, 0.0, 0.0, 0.0, 0.0, 0.0, 0.0, 0.0, 0.0, 1.0, 0.0, 1.0, 0.0, 0.0, 0.0, 2.0, 1.0, 0.0, 0.0, 0.0, 0.0, 0.0, 0.0, 1.0, 0.0, 0.0, 0.0, 0.0, 0.0, 0.0, 0.0, 0.0, 0.0, 0.0, 1.0], "bins": [-0.0767638310790062, -0.07470966875553131, -0.07265550643205643, -0.07060134410858154, -0.06854718178510666, -0.06649301946163177, -0.06443886458873749, -0.062384698539972305, -0.06033053994178772, -0.058276377618312836, -0.05622221529483795, -0.05416805297136307, -0.05211389437317848, -0.0500597320497036, -0.048005569726228714, -0.04595140740275383, -0.043897245079278946, -0.04184308275580406, -0.03978892043232918, -0.03773476183414459, -0.03568059951066971, -0.033626437187194824, -0.03157227486371994, -0.029518112540245056, -0.027463950216770172, -0.025409787893295288, -0.023355627432465553, -0.02130146510899067, -0.019247304648160934, -0.01719314232468605, -0.015138980001211166, -0.013084818609058857, -0.011030659079551697, -0.008976497687399387, -0.006922335829585791, -0.004868173971772194, -0.0028140125796198845, -0.0007598511874675751, 0.001294311136007309, 0.0033484725281596184, 0.0054026320576667786, 0.007456793449819088, 0.009510954841971397, 0.011565117165446281, 0.01361927855759859, 0.0156734399497509, 0.017727602273225784, 0.01978176459670067, 0.021835926920175552, 0.023890089243650436, 0.02594424970448017, 0.027998412027955055, 0.03005257248878479, 0.032106734812259674, 0.03416089713573456, 0.03621505945920944, 0.038269221782684326, 0.04032338410615921, 0.042377546429634094, 0.04443170875310898, 0.046485867351293564, 0.04854002967476845, 0.05059419199824333, 0.052648354321718216, 0.0547025129199028]}, "gradients/fc_out.weight": {"_type": "histogram", "values": [2.0, 0.0, 1.0, 0.0, 0.0, 0.0, 1.0, 1.0, 1.0, 3.0, 5.0, 1.0, 2.0, 3.0, 3.0, 5.0, 10.0, 14.0, 15.0, 20.0, 34.0, 46.0, 56.0, 108.0, 152.0, 218.0, 356.0, 560.0, 936.0, 1781.0, 3852.0, 75313.0, 5231.0, 1528.0, 773.0, 412.0, 273.0, 140.0, 97.0, 61.0, 43.0, 33.0, 11.0, 14.0, 8.0, 9.0, 6.0, 4.0, 4.0, 5.0, 1.0, 0.0, 2.0, 1.0, 2.0, 0.0, 0.0, 0.0, 0.0, 0.0, 0.0, 2.0, 0.0, 1.0], "bins": [-0.11808613687753677, -0.11433346569538116, -0.11058078706264496, -0.10682810842990875, -0.10307543724775314, -0.09932276606559753, -0.09557008743286133, -0.09181740880012512, -0.08806473761796951, -0.0843120664358139, -0.0805593878030777, -0.07680670917034149, -0.07305403798818588, -0.06930136680603027, -0.06554868817329407, -0.06179601326584816, -0.05804333835840225, -0.054290663450956345, -0.05053798854351044, -0.04678531363606453, -0.04303263872861862, -0.039279963821172714, -0.03552728891372681, -0.0317746140062809, -0.02802193909883499, -0.024269264191389084, -0.020516589283943176, -0.01676391437649727, -0.013011239469051361, -0.009258564561605453, -0.005505889654159546, -0.0017532147467136383, 0.001999467611312866, 0.005752142518758774, 0.009504817426204681, 0.013257492333650589, 0.017010167241096497, 0.020762842148542404, 0.024515517055988312, 0.02826819196343422, 0.03202086687088013, 0.035773541778326035, 0.03952621668577194, 0.04327889159321785, 0.04703156650066376, 0.050784241408109665, 0.05453691631555557, 0.05828959122300148, 0.06204226613044739, 0.0657949447631836, 0.0695476159453392, 0.07330028712749481, 0.07705296576023102, 0.08080564439296722, 0.08455831557512283, 0.08831098675727844, 0.09206366539001465, 0.09581634402275085, 0.09956901520490646, 0.10332168638706207, 0.10707436501979828, 0.11082704365253448, 0.1145797148346901, 0.1183323860168457, 0.12208506464958191]}, "gradients/conv_layer.2.bias": {"_type": "histogram", "values": [1.0, 0.0, 0.0, 1.0, 0.0, 0.0, 0.0, 0.0, 0.0, 0.0, 1.0, 0.0, 0.0, 0.0, 0.0, 0.0, 1.0, 0.0, 1.0, 1.0, 0.0, 0.0, 1.0, 1.0, 1.0, 1.0, 3.0, 0.0, 4.0, 0.0, 1.0, 3.0, 1.0, 1.0, 21.0, 0.0, 1.0, 2.0, 2.0, 2.0, 2.0, 1.0, 0.0, 2.0, 0.0, 0.0, 0.0, 2.0, 1.0, 0.0, 0.0, 0.0, 0.0, 0.0, 0.0, 1.0, 0.0, 1.0, 0.0, 0.0, 1.0, 1.0, 0.0, 1.0], "bins": [-0.213364377617836, -0.20719221234321594, -0.2010200321674347, -0.19484786689281464, -0.18867570161819458, -0.18250352144241333, -0.17633135616779327, -0.17015919089317322, -0.16398701071739197, -0.1578148454427719, -0.15164266526699066, -0.1454704999923706, -0.13929833471775055, -0.1331261694431305, -0.12695398926734924, -0.12078182399272919, -0.11460965871810913, -0.10843748599290848, -0.10226532071828842, -0.09609314799308777, -0.08992098271846771, -0.08374880999326706, -0.0775766372680664, -0.07140447199344635, -0.0652322918176651, -0.059060122817754745, -0.05288795381784439, -0.04671578109264374, -0.04054361209273338, -0.03437144309282303, -0.028199270367622375, -0.02202710136771202, -0.015854939818382263, -0.009682769887149334, -0.0035105999559164047, 0.002661570906639099, 0.008833739906549454, 0.015005908906459808, 0.02117808163166046, 0.027350250631570816, 0.033522412180900574, 0.03969458118081093, 0.04586675018072128, 0.052038922905921936, 0.05821109190583229, 0.06438326090574265, 0.0705554336309433, 0.07672759890556335, 0.0828997790813446, 0.08907195180654526, 0.09524411708116531, 0.10141628980636597, 0.10758845508098602, 0.11376062780618668, 0.11993280053138733, 0.12610496580600739, 0.13227713108062744, 0.1384492963552475, 0.14462147653102875, 0.1507936418056488, 0.15696580708026886, 0.16313797235488892, 0.16931015253067017, 0.17548231780529022, 0.18165449798107147]}, "gradients/conv_layer.2.weight": {"_type": "histogram", "values": [1.0, 1.0, 0.0, 0.0, 5.0, 3.0, 5.0, 3.0, 5.0, 15.0, 12.0, 16.0, 30.0, 33.0, 47.0, 65.0, 90.0, 133.0, 164.0, 210.0, 299.0, 390.0, 549.0, 698.0, 999.0, 1555.0, 2480.0, 4262.0, 23185.0, 5947.0, 3017.0, 1945.0, 1274.0, 834.0, 619.0, 503.0, 378.0, 295.0, 232.0, 179.0, 137.0, 87.0, 102.0, 80.0, 68.0, 55.0, 41.0, 38.0, 30.0, 12.0, 15.0, 10.0, 14.0, 5.0, 5.0, 6.0, 0.0, 4.0, 3.0, 4.0, 3.0, 1.0, 0.0, 2.0], "bins": [-0.06211964040994644, -0.059968918561935425, -0.057818200439214706, -0.05566747859120369, -0.05351675674319267, -0.051366038620471954, -0.04921531677246094, -0.04706459492444992, -0.044913873076438904, -0.04276315122842789, -0.04061243310570717, -0.03846171125769615, -0.036310989409685135, -0.034160271286964417, -0.0320095494389534, -0.029858827590942383, -0.027708109468221664, -0.025557389482855797, -0.02340666763484478, -0.021255947649478912, -0.019105225801467896, -0.016954505816102028, -0.01480378583073616, -0.012653064914047718, -0.010502345860004425, -0.008351624943315983, -0.006200904492288828, -0.004050184041261673, -0.0018994631245732307, 0.0002512577921152115, 0.002401977777481079, 0.004552698694169521, 0.006703421473503113, 0.008854142390191555, 0.011004863306879997, 0.013155583292245865, 0.015306304208934307, 0.01745702512562275, 0.019607745110988617, 0.021758466958999634, 0.02390918880701065, 0.026059908792376518, 0.028210630640387535, 0.030361350625753403, 0.03251207247376442, 0.03466279059648514, 0.036813512444496155, 0.03896423429250717, 0.04111495241522789, 0.04326567426323891, 0.045416392385959625, 0.04756711423397064, 0.04971783608198166, 0.051868557929992676, 0.054019276052713394, 0.05616999790072441, 0.05832071602344513, 0.060471437871456146, 0.06262215971946716, 0.06477287411689758, 0.0669235959649086, 0.06907431781291962, 0.07122503966093063, 0.07337576150894165, 0.07552648335695267]}, "gradients/conv_layer.0.bias": {"_type": "histogram",