{"graph_0": {"_type": "graph-file", "path": "media/graph/graph_0_summary_07efc33a.graph.json", "sha256": "07efc33acf91a999414088d694bd2b517e95ea1a0bc53ecfc1122185558d695b", "size": 1694}, "Train Loss": 0.4964800305409819, "Val Loss": 1.090461982557407, "Train Acc": 82.40384615384616, "Val Acc": 67.5673076923077, "_runtime": 220, "_timestamp": 1620946060, "_step": 14, "gradients/fc_out.bias": {"_type": "histogram", "values": [2.0, 0.0, 0.0, 0.0, 0.0, 1.0, 0.0, 0.0, 0.0, 1.0, 0.0, 1.0, 0.0, 0.0, 0.0, 0.0, 0.0, 0.0, 0.0, 1.0, 0.0, 0.0, 0.0, 0.0, 0.0, 0.0, 0.0, 0.0, 0.0, 1.0, 0.0, 0.0, 0.0, 0.0, 0.0, 0.0, 0.0, 0.0, 0.0, 0.0, 0.0, 0.0, 0.0, 0.0, 0.0, 0.0, 0.0, 0.0, 0.0, 0.0, 0.0, 0.0, 0.0, 0.0, 0.0, 0.0, 0.0, 0.0, 0.0, 1.0, 0.0, 0.0, 1.0, 1.0], "bins": [-0.018943313509225845, -0.01822219230234623, -0.017501071095466614, -0.016779951751232147, -0.01605883054435253, -0.015337709337472916, -0.0146165881305933, -0.013895467855036259, -0.013174347579479218, -0.012453226372599602, -0.01173210609704256, -0.011010984890162945, -0.010289864614605904, -0.009568743407726288, -0.008847622200846672, -0.008126501925289631, -0.007405380718410015, -0.006684259977191687, -0.005963139235973358, -0.005242018029093742, -0.004520897753536701, -0.003799776779487729, -0.003078655805438757, -0.0023575350642204285, -0.0016364138573408127, -0.0009152930579148233, -0.0001941722584888339, 0.0005269485991448164, 0.0012480693403631449, 0.0019691900815814734, 0.0026903110556304455, 0.003411431796848774, 0.004132552072405815, 0.004853672813624144, 0.005574793554842472, 0.006295914761722088, 0.007017035037279129, 0.007738156244158745, 0.00845927745103836, 0.009180397726595402, 0.009901518002152443, 0.010622639209032059, 0.0113437594845891, 0.012064880691468716, 0.012786000967025757, 0.013507122173905373, 0.014228243380784988, 0.01494936365634203, 0.01567048579454422, 0.016391607001423836, 0.01711272820830345, 0.017833847552537918, 0.018554968759417534, 0.01927608996629715, 0.019997211173176765, 0.02071833238005638, 0.021439451724290848, 0.022160572931170464, 0.02288169413805008, 0.023602813482284546, 0.02432393468916416, 0.025045055896043777, 0.025766177102923393, 0.02648729830980301, 0.027208417654037476]}, "gradients/fc_out.weight": {"_type": "histogram", "values": [2.0, 2.0, 0.0, 1.0, 1.0, 0.0, 1.0, 1.0, 3.0, 2.0, 8.0, 1.0, 8.0, 6.0, 4.0, 16.0, 18.0, 21.0, 31.0, 30.0, 35.0, 42.0, 63.0, 97.0, 121.0, 143.0, 229.0, 285.0, 319.0, 508.0, 830.0, 37533.0, 3256.0, 912.0, 447.0, 283.0, 226.0, 149.0, 118.0, 72.0, 65.0, 41.0, 23.0, 28.0, 16.0, 14.0, 12.0, 16.0, 4.0, 7.0, 7.0, 4.0, 1.0, 8.0, 2.0, 2.0, 1.0, 0.0, 1.0, 1.0, 1.0, 0.0, 1.0, 1.0], "bins": [-0.13252542912960052, -0.12835446000099182, -0.12418349832296371, -0.12001253664493561, -0.1158415675163269, -0.1116706058382988, -0.10749964416027069, -0.10332867503166199, -0.09915771335363388, -0.09498675167560577, -0.09081578254699707, -0.08664482086896896, -0.08247385919094086, -0.07830289006233215, -0.07413192838430405, -0.06996096670627594, -0.06578999757766724, -0.06161903217434883, -0.057448066771030426, -0.05327710509300232, -0.049106139689683914, -0.04493517428636551, -0.0407642126083374, -0.036593247205019, -0.03242228180170059, -0.028251316398382187, -0.02408035285770893, -0.019909389317035675, -0.01573842391371727, -0.011567458510398865, -0.007396494969725609, -0.003225531429052353, 0.0009454190731048584, 0.005116383545100689, 0.00928734801709652, 0.01345831248909235, 0.01762927696108818, 0.021800242364406586, 0.02597120590507984, 0.030142169445753098, 0.0343131348490715, 0.03848410025238991, 0.04265506565570831, 0.04682602733373642, 0.050996992737054825, 0.05516795814037323, 0.05933891981840134, 0.06350988149642944, 0.06768085062503815, 0.07185181230306625, 0.07602278143167496, 0.08019374310970306, 0.08436471223831177, 0.08853567391633987, 0.09270663559436798, 0.09687760472297668, 0.10104856640100479, 0.1052195280790329, 0.1093904972076416, 0.11356145888566971, 0.11773242056369781, 0.12190338969230652, 0.12607435882091522, 0.13024531304836273, 0.13441628217697144]}, "gradients/conv_layer.5.bias": {"_type": "histogram", "values": [1.0, 0.0, 0.0, 0.0, 0.0, 0.0, 0.0, 0.0, 1.0, 1.0, 1.0, 1.0, 0.0, 0.0, 1.0, 0.0, 2.0, 2.0, 1.0, 2.0, 2.0, 6.0, 6.0, 2.0, 2.0, 3.0, 3.0, 4.0, 4.0, 3.0, 5.0, 27.0, 6.0, 6.0, 2.0, 3.0, 8.0, 3.0, 3.0, 3.0, 1.0, 2.0, 0.0, 2.0, 0.0, 1.0, 1.0, 0.0, 1.0, 0.0, 0.0, 0.0, 1.0, 2.0, 0.0, 0.0, 0.0, 0.0, 1.0, 0.0, 0.0, 0.0, 1.0, 1.0], "bins": [-0.046750932931900024, -0.0452505424618721, -0.04375014826655388, -0.04224975407123566, -0.04074936360120773, -0.03924897313117981, -0.03774857893586159, -0.036248184740543365, -0.03474779427051544, -0.03324740380048752, -0.031747009605169296, -0.030246617272496223, -0.02874622493982315, -0.027245832607150078, -0.025745440274477005, -0.024245047941803932, -0.02274465560913086, -0.021244263276457787, -0.019743870943784714, -0.01824347861111164, -0.016743086278438568, -0.015242693945765495, -0.013742301613092422, -0.01224190928041935, -0.010741516947746277, -0.009241124615073204, -0.007740732282400131, -0.006240339949727058, -0.004739947617053986, -0.0032395552843809128, -0.00173916295170784, -0.00023877061903476715, 0.0012616217136383057, 0.0027620140463113785, 0.004262406378984451, 0.005762798711657524, 0.007263191044330597, 0.00876358337700367, 0.010263975709676743, 0.011764368042349815, 0.013264760375022888, 0.014765152707695961, 0.016265545040369034, 0.017765937373042107, 0.01926632970571518, 0.020766722038388252, 0.022267114371061325, 0.023767506703734398, 0.02526789903640747, 0.026768291369080544, 0.028268683701753616, 0.02976907603442669, 0.03126946836709976, 0.032769858837127686, 0.03427025303244591, 0.03577064722776413, 0.03727103769779205, 0.03877142816781998, 0.0402718223631382, 0.04177221655845642, 0.043272607028484344, 0.04477299749851227, 0.04627339169383049, 0.04777378588914871, 0.049274176359176636]}, "gradients/conv_layer.5.weight": {"_type": "histogram", "values": [1.0, 1.0, 1.0, 0.0, 2.0, 2.0, 3.0, 4.0, 7.0, 11.0, 20.0, 17.0, 27.0, 29.0, 42.0, 44.0, 77.0, 92.0, 128.0, 163.0, 228.0, 341.0, 484.0, 669.0, 900.0, 1437.0, 2078.0, 3412.0, 5744.0, 10940.0, 219529.0, 23964.0, 9278.0, 5090.0, 3193.0, 2139.0, 1270.0, 1028.0, 671.0, 446.0, 360.0, 227.0, 196.0, 159.0, 133.0, 68.0, 60.0, 37.0, 38.0, 28.0, 24.0, 17.0, 7.0, 9.0, 12.0, 6.0, 5.0, 2.0, 3.0, 0.0, 4.0, 0.0, 3.0, 2.0], "bins": [-0.052134111523628235, -0.05044981464743614, -0.04876551777124405, -0.047081220895051956, -0.04539692401885986, -0.04371262714266777, -0.04202833026647568, -0.040344033390283585, -0.03865973651409149, -0.0369754396378994, -0.035291142761707306, -0.03360684588551521, -0.03192254900932312, -0.030238252133131027, -0.028553955256938934, -0.02686965838074684, -0.02518536150455475, -0.023501064628362656, -0.021816767752170563, -0.02013247087597847, -0.018448173999786377, -0.016763877123594284, -0.015079580247402191, -0.013395283371210098, -0.011710986495018005, -0.010026689618825912, -0.00834239274263382, -0.006658095866441727, -0.004973798990249634, -0.003289502114057541, -0.001605205237865448, 7.90916383266449e-05, 0.0017633885145187378, 0.0034476853907108307, 0.005131982266902924, 0.0068162791430950165, 0.00850057601928711, 0.010184872895479202, 0.011869169771671295, 0.013553466647863388, 0.015237763524055481, 0.016922060400247574, 0.018606357276439667, 0.02029065415263176, 0.021974951028823853, 0.023659247905015945, 0.02534354478120804, 0.02702784165740013, 0.028712138533592224, 0.030396435409784317, 0.03208073228597641, 0.0337650291621685, 0.035449326038360596, 0.03713362291455269, 0.03881791979074478, 0.040502216666936874, 0.04218651354312897, 0.04387081041932106, 0.04555510729551315, 0.047239404171705246, 0.04892370104789734, 0.05060799792408943, 0.052292294800281525, 0.05397659167647362, 0.05566088855266571]}, "gradients/conv_layer.2.bias": {"_type": "histogram",