{"graph_0": {"_type": "graph-file", "path": "media/graph/graph_0_summary_cc28984d.graph.json", "sha256": "cc28984d1a4ef7a045dfb9172bfa6401448e20b7e93e3b2ab075517ccb384468", "size": 1082}, "Train Loss": 1.5779140068092876, "Val Loss": 1.577637872505188, "Train Acc": 43.1462113127001, "Val Acc": 42.8896, "_runtime": 223, "_timestamp": 1620759138, "_step": 14, "gradients/fc_out.bias": {"_type": "histogram", "values": [1.0, 0.0, 0.0, 0.0, 0.0, 0.0, 0.0, 0.0, 0.0, 0.0, 0.0, 0.0, 0.0, 0.0, 0.0, 0.0, 0.0, 0.0, 0.0, 1.0, 0.0, 0.0, 0.0, 1.0, 0.0, 0.0, 0.0, 0.0, 0.0, 0.0, 0.0, 0.0, 0.0, 0.0, 0.0, 0.0, 0.0, 2.0, 0.0, 0.0, 0.0, 0.0, 0.0, 1.0, 0.0, 0.0, 0.0, 0.0, 1.0, 0.0, 0.0, 0.0, 0.0, 0.0, 1.0, 0.0, 0.0, 0.0, 0.0, 0.0, 0.0, 1.0, 0.0, 1.0], "bins": [-0.08770707249641418, -0.08546417951583862, -0.08322127908468246, -0.0809783861041069, -0.07873548567295074, -0.07649259269237518, -0.07424969226121902, -0.07200679928064346, -0.0697638988494873, -0.06752100586891174, -0.06527810543775558, -0.06303521245718002, -0.060792312026023865, -0.058549415320158005, -0.056306518614292145, -0.05406362563371658, -0.05182072892785072, -0.04957783222198486, -0.047334935516119, -0.04509203881025314, -0.04284914210438728, -0.04060624539852142, -0.03836335241794586, -0.0361204519867897, -0.03387755900621414, -0.03163466230034828, -0.029391765594482422, -0.027148868888616562, -0.024905972182750702, -0.022663075476884842, -0.02042018063366413, -0.01817728392779827, -0.015934385359287262, -0.013691488653421402, -0.011448591947555542, -0.009205696173012257, -0.006962799467146397, -0.004719902761280537, -0.0024770069867372513, -0.0002341102808713913, 0.002008788287639618, 0.004251684993505478, 0.006494581233710051, 0.008737477473914623, 0.010980374179780483, 0.013223270885646343, 0.015466166660189629, 0.01770906336605549, 0.0199519582092762, 0.02219485491514206, 0.02443775162100792, 0.02668064832687378, 0.02892354503273964, 0.0311664417386055, 0.03340933471918106, 0.03565223515033722, 0.03789512813091278, 0.04013802483677864, 0.0423809215426445, 0.04462381824851036, 0.04686671495437622, 0.04910961166024208, 0.05135250836610794, 0.0535954013466835, 0.05583830177783966]}, "gradients/fc_out.weight": {"_type": "histogram", "values": [1.0, 0.0, 3.0, 0.0, 2.0, 6.0, 6.0, 5.0, 3.0, 8.0, 5.0, 4.0, 11.0, 9.0, 7.0, 10.0, 10.0, 18.0, 16.0, 13.0, 26.0, 19.0, 19.0, 23.0, 25.0, 15.0, 30.0, 22.0, 21.0, 25.0, 27.0, 28.0, 36.0, 27.0, 42.0, 29.0, 33.0, 36.0, 36.0, 34.0, 56.0, 46.0, 58.0, 43.0, 50.0, 34.0, 28.0, 26.0, 26.0, 19.0, 15.0, 23.0, 27.0, 18.0, 12.0, 16.0, 14.0, 6.0, 11.0, 7.0, 12.0, 3.0, 8.0, 2.0], "bins": [-0.26597511768341064, -0.2587113380432129, -0.25144755840301514, -0.24418379366397858, -0.23692001402378082, -0.22965623438358307, -0.2223924696445465, -0.21512869000434875, -0.207864910364151, -0.20060113072395325, -0.1933373510837555, -0.18607358634471893, -0.17880980670452118, -0.17154602706432343, -0.16428226232528687, -0.1570184826850891, -0.14975470304489136, -0.1424909234046936, -0.13522714376449585, -0.1279633790254593, -0.12069959938526154, -0.11343581974506378, -0.10617204755544662, -0.09890827536582947, -0.09164449572563171, -0.08438071608543396, -0.0771169438958168, -0.06985317170619965, -0.06258939206600189, -0.05532561615109444, -0.04806184023618698, -0.040798064321279526, -0.03353428840637207, -0.026270512491464615, -0.01900673657655716, -0.011742960661649704, -0.0044791847467422485, 0.002784591168165207, 0.010048367083072662, 0.017312142997980118, 0.024575918912887573, 0.03183969482779503, 0.039103470742702484, 0.04636724665760994, 0.053631022572517395, 0.06089479848742485, 0.0681585744023323, 0.07542234659194946, 0.08268612623214722, 0.08994990587234497, 0.09721367806196213, 0.10447745025157928, 0.11174122989177704, 0.11900500953197479, 0.12626877427101135, 0.1335325539112091, 0.14079633355140686, 0.14806011319160461, 0.15532389283180237, 0.16258765757083893, 0.16985143721103668, 0.17711521685123444, 0.184378981590271, 0.19164276123046875, 0.1989065408706665]}, "gradients/conv_layers.1.bias": {"_type": "histogram", "values": [1.0, 0.0, 0.0, 0.0, 0.0, 0.0, 0.0, 0.0, 0.0, 0.0, 0.0, 0.0, 1.0, 0.0, 0.0, 0.0, 0.0, 0.0, 0.0, 0.0, 0.0, 1.0, 0.0, 0.0, 0.0, 1.0, 0.0, 0.0, 0.0, 0.0, 0.0, 0.0, 0.0, 0.0, 0.0, 0.0, 0.0, 0.0, 0.0, 0.0, 0.0, 0.0, 0.0, 0.0, 0.0, 0.0, 0.0, 0.0, 0.0, 0.0, 0.0, 0.0, 0.0, 0.0, 0.0, 0.0, 0.0, 0.0, 0.0, 0.0, 0.0, 0.0, 0.0, 1.0], "bins": [-0.08865667134523392, -0.08550474792718887, -0.08235282450914383, -0.07920089364051819, -0.07604897022247314, -0.0728970468044281, -0.06974512338638306, -0.06659319996833801, -0.06344127655029297, -0.060289353132247925, -0.05713742598891258, -0.05398550257086754, -0.050833575427532196, -0.04768165200948715, -0.04452972859144211, -0.041377805173397064, -0.03822587430477142, -0.03507395088672638, -0.03192202374339104, -0.028770100325345993, -0.0256181750446558, -0.022466249763965607, -0.019314326345920563, -0.01616240106523037, -0.013010479509830475, -0.009858554229140282, -0.006706629879772663, -0.0035547055304050446, -0.0004027802497148514, 0.002749145030975342, 0.005901068449020386, 0.009052993729710579, 0.01220492273569107, 0.015356848016381264, 0.018508773297071457, 0.0216606967151165, 0.024812621995806694, 0.027964547276496887, 0.03111647069454193, 0.034268394112586975, 0.037420324981212616, 0.04057224839925766, 0.043724175542593, 0.046876098960638046, 0.05002802610397339, 0.05317994952201843, 0.05633187294006348, 0.05948379635810852, 0.06263571977615356, 0.06578764319419861, 0.06893956661224365, 0.0720914900302887, 0.07524342089891434, 0.07839534431695938, 0.08154726773500443, 0.08469919115304947, 0.08785112202167511, 0.09100304543972015, 0.0941549688577652, 0.09730689227581024, 0.10045882314443588, 0.10361074656248093, 0.10676266998052597, 0.10991459339857101, 0.11306651681661606]}, "gradients/conv_layers.1.weight": {"_type": "histogram", "values": [2.0, 0.0, 0.0, 2.0, 1.0, 2.0, 3.0, 4.0, 1.0, 1.0, 3.0, 2.0, 3.0, 6.0, 3.0, 6.0, 8.0, 7.0, 9.0, 10.0, 10.0, 18.0, 17.0, 23.0, 21.0, 28.0, 33.0, 29.0, 34.0, 29.0, 26.0, 22.0, 37.0, 23.0, 25.0, 14.0, 20.0, 11.0, 11.0, 9.0, 13.0, 8.0, 4.0, 9.0, 8.0, 5.0, 4.0, 7.0, 4.0, 7.0, 4.0, 7.0, 5.0, 3.0, 6.0, 3.0, 3.0, 6.0, 0.0, 1.0, 2.0, 0.0, 1.0, 2.0], "bins": [-0.1028180867433548, -0.0997154638171196, -0.0966128408908844, -0.0935102254152298, -0.0904076024889946, -0.0873049795627594, -0.0842023640871048, -0.0810997411608696, -0.0779971182346344, -0.0748944953083992, -0.071791872382164, -0.0686892569065094, -0.0655866339802742, -0.062484011054039, -0.0593813918530941, -0.0562787726521492, -0.053176149725914, -0.0500735267996788, -0.0469709075987339, -0.043868288397789, -0.0407656654715538, -0.037663042545318604, -0.0345604233443737, -0.0314578041434288, -0.028355181217193604, -0.025252560153603554, -0.022149939090013504, -0.019047318026423454, -0.015944696962833405, -0.012842075899243355, -0.009739454835653305, -0.006636833772063255, -0.0035342127084732056, -0.0004315916448831558, 0.002671029418706894, 0.005773650482296944, 0.008876271545886993, 0.011978892609477043, 0.015081513673067093, 0.018184134736657143, 0.021286755800247192, 0.024389376863837242, 0.027491997927427292, 0.03059461899101734, 0.03369724005460739, 0.03679986298084259, 0.03990248218178749, 0.04300510138273239, 0.04610772430896759, 0.04921034723520279, 0.05231296643614769, 0.05541558563709259, 0.05851820856332779, 0.06162083148956299, 0.06472344696521759, 0.06782606989145279, 0.07092869281768799, 0.07403131574392319, 0.07713393867015839, 0.08023655414581299, 0.08333917707204819, 0.08644179999828339, 0.08954441547393799, 0.09264703840017319, 0.09574966132640839]}, "gradients/conv_layers.0.bias": {"_type": "histogram",