{"graph_0": {"_type": "graph-file", "path": "media/graph/graph_0_summary_7bb866a8.graph.json", "sha256": "7bb866a8e9c60ea63893ef394f3d8d3a20c6470ab7219c52e7e51c89ab9837c0", "size": 1678}, "Train Loss": 0.8929081620950984, "Val Loss": 0.9553824751040875, "Train Acc": 68.58547008547009, "Val Acc": 66.8076923076923, "_runtime": 189, "_timestamp": 1620946740, "_step": 14, "gradients/fc_out.bias": {"_type": "histogram", "values": [1.0, 0.0, 0.0, 0.0, 0.0, 0.0, 1.0, 0.0, 0.0, 0.0, 0.0, 0.0, 0.0, 1.0, 0.0, 0.0, 0.0, 0.0, 0.0, 0.0, 1.0, 0.0, 0.0, 0.0, 1.0, 1.0, 0.0, 0.0, 0.0, 0.0, 0.0, 0.0, 0.0, 0.0, 0.0, 1.0, 1.0, 0.0, 0.0, 0.0, 0.0, 0.0, 0.0, 1.0, 0.0, 0.0, 0.0, 0.0, 0.0, 0.0, 0.0, 0.0, 0.0, 0.0, 0.0, 0.0, 0.0, 0.0, 0.0, 0.0, 0.0, 0.0, 0.0, 1.0], "bins": [-0.03490786999464035, -0.03361146152019501, -0.032315053045749664, -0.03101864643394947, -0.029722239822149277, -0.028425831347703934, -0.02712942287325859, -0.025833016261458397, -0.024536609649658203, -0.02324020117521286, -0.021943794563412666, -0.020647386088967323, -0.01935097947716713, -0.018054571002721786, -0.016758162528276443, -0.01546175591647625, -0.014165347442030907, -0.012868939898908138, -0.01157253235578537, -0.010276123881340027, -0.008979717269539833, -0.007683309260755777, -0.006386901251971722, -0.005090493708848953, -0.0037940852344036102, -0.002497677691280842, -0.0012012699153274298, 9.513786062598228e-05, 0.0013915454037487507, 0.002687952946871519, 0.003984360955655575, 0.005280768498778343, 0.006577175110578537, 0.007873582653701305, 0.009169990196824074, 0.010466398671269417, 0.01176280528306961, 0.013059213757514954, 0.014355621300637722, 0.01565202884376049, 0.016948435455560684, 0.018244843930006027, 0.01954125054180622, 0.020837659016251564, 0.022134065628051758, 0.0234304741024971, 0.024726882576942444, 0.026023289188742638, 0.02731969766318798, 0.028616106137633324, 0.029912512749433517, 0.03120892122387886, 0.032505329698324203, 0.03380173444747925, 0.03509814292192459, 0.036394551396369934, 0.03769095987081528, 0.03898736834526062, 0.04028377681970596, 0.04158018156886101, 0.04287659004330635, 0.044172998517751694, 0.04546940699219704, 0.04676581174135208, 0.048062220215797424]}, "gradients/fc_out.weight": {"_type": "histogram", "values": [1.0, 0.0, 3.0, 0.0, 0.0, 1.0, 2.0, 1.0, 1.0, 1.0, 4.0, 9.0, 10.0, 16.0, 14.0, 25.0, 29.0, 39.0, 40.0, 63.0, 72.0, 93.0, 117.0, 143.0, 183.0, 237.0, 278.0, 380.0, 422.0, 545.0, 748.0, 912.0, 4354.0, 6017.0, 2070.0, 1153.0, 739.0, 513.0, 328.0, 229.0, 154.0, 130.0, 103.0, 61.0, 72.0, 36.0, 32.0, 24.0, 28.0, 11.0, 12.0, 6.0, 6.0, 4.0, 1.0, 3.0, 1.0, 1.0, 0.0, 1.0, 1.0, 0.0, 0.0, 1.0], "bins": [-0.05628005415201187, -0.05457322299480438, -0.05286639556288719, -0.0511595644056797, -0.049452733248472214, -0.04774590581655502, -0.046039074659347534, -0.044332243502140045, -0.042625416070222855, -0.040918584913015366, -0.039211757481098175, -0.037504926323890686, -0.0357980951666832, -0.034091267734766006, -0.03238443657755852, -0.030677607282996178, -0.02897077612578869, -0.02726394683122635, -0.02555711567401886, -0.02385028637945652, -0.02214345708489418, -0.02043662592768669, -0.01872979663312435, -0.01702296733856201, -0.015316136181354523, -0.013609305955469608, -0.011902476660907269, -0.010195646435022354, -0.008488817140460014, -0.0067819869145751, -0.0050751566886901855, -0.0033683273941278458, -0.001661498099565506, 4.5331777073442936e-05, 0.0017521616537123919, 0.0034589916467666626, 0.00516582140699029, 0.006872651167213917, 0.008579481393098831, 0.010286310687661171, 0.01199313998222351, 0.013699970208108425, 0.015406799502670765, 0.01711362972855568, 0.01882045902311802, 0.02052728831768036, 0.022234119474887848, 0.023940948769450188, 0.025647779926657677, 0.027354609221220016, 0.029061440378427505, 0.030768269672989845, 0.032475098967552185, 0.034181930124759674, 0.03588876128196716, 0.037595588713884354, 0.03930241987109184, 0.04100925102829933, 0.04271607846021652, 0.04442290961742401, 0.0461297407746315, 0.04783656820654869, 0.04954339936375618, 0.05125022679567337, 0.05295705795288086]}, "gradients/conv_layer.5.bias": {"_type": "histogram", "values": [1.0, 0.0, 0.0, 0.0, 0.0, 0.0, 0.0, 0.0, 0.0, 0.0, 0.0, 1.0, 0.0, 1.0, 1.0, 1.0, 0.0, 0.0, 0.0, 0.0, 1.0, 1.0, 3.0, 1.0, 3.0, 3.0, 1.0, 1.0, 2.0, 1.0, 1.0, 1.0, 0.0, 0.0, 0.0, 0.0, 0.0, 0.0, 1.0, 1.0, 0.0, 0.0, 1.0, 0.0, 0.0, 0.0, 0.0, 1.0, 0.0, 1.0, 0.0, 2.0, 0.0, 0.0, 0.0, 0.0, 0.0, 0.0, 0.0, 0.0, 0.0, 0.0, 0.0, 1.0], "bins": [-0.14405542612075806, -0.13892938196659088, -0.1338033229112625, -0.12867727875709534, -0.12355121970176697, -0.11842517554759979, -0.11329912394285202, -0.10817307233810425, -0.10304702073335648, -0.0979209691286087, -0.09279491752386093, -0.08766886591911316, -0.08254282176494598, -0.07741676270961761, -0.07229071855545044, -0.06716466695070267, -0.062038615345954895, -0.05691256374120712, -0.05178651213645935, -0.04666046425700188, -0.041534412652254105, -0.03640836104750633, -0.03128231316804886, -0.026156261563301086, -0.021030209958553314, -0.015904158353805542, -0.010778108611702919, -0.005652057938277721, -0.0005260072648525238, 0.004600044339895248, 0.009726094081997871, 0.014852143824100494, 0.019978180527687073, 0.025104232132434845, 0.030230281874537468, 0.03535633161664009, 0.04048238322138786, 0.045608434826135635, 0.05073448270559311, 0.05586053431034088, 0.060986585915088654, 0.06611263751983643, 0.0712386891245842, 0.07636474072933197, 0.08149078488349915, 0.08661684393882751, 0.09174288809299469, 0.09686893969774246, 0.10199499130249023, 0.107121042907238, 0.11224709451198578, 0.11737314611673355, 0.12249919772148132, 0.1276252418756485, 0.13275130093097687, 0.13787734508514404, 0.1430034041404724, 0.1481294482946396, 0.15325550734996796, 0.15838155150413513, 0.1635076105594635, 0.16863365471363068, 0.17375971376895905, 0.17888575792312622, 0.1840118020772934]}, "gradients/conv_layer.5.weight": {"_type": "histogram", "values": [1.0, 3.0, 4.0, 1.0, 1.0, 5.0, 5.0, 5.0, 3.0, 11.0, 12.0, 9.0, 29.0, 36.0, 41.0, 49.0, 69.0, 93.0, 131.0, 157.0, 223.0, 264.0, 359.0, 458.0, 630.0, 833.0, 925.0, 1125.0, 1802.0, 1190.0, 870.0, 732.0, 522.0, 465.0, 303.0, 251.0, 229.0, 154.0, 146.0, 106.0, 95.0, 75.0, 72.0, 51.0, 40.0, 27.0, 26.0, 25.0, 22.0, 22.0, 19.0, 8.0, 9.0, 6.0, 17.0, 9.0, 4.0, 4.0, 7.0, 3.0, 0.0, 0.0, 5.0, 2.0], "bins": [-0.053347840905189514, -0.05148795247077942, -0.049628064036369324, -0.04776817560195923, -0.04590828716754913, -0.04404839873313904, -0.042188506573438644, -0.04032861813902855, -0.038468729704618454, -0.03660884127020836, -0.034748952835798264, -0.03288906440138817, -0.031029174104332924, -0.02916928566992283, -0.027309395372867584, -0.02544950693845749, -0.023589618504047394, -0.0217297300696373, -0.019869841635227203, -0.01800995133817196, -0.016150062903761864, -0.014290174469351768, -0.012430285103619099, -0.010570395737886429, -0.008710507303476334, -0.006850618403404951, -0.004990729503333569, -0.003130840603262186, -0.0012709517031908035, 0.0005889367312192917, 0.0024488260969519615, 0.004308715462684631, 0.0061686038970947266, 0.008028492331504822, 0.009888381697237492, 0.011748271062970161, 0.013608159497380257, 0.015468047931790352, 0.017327938228845596, 0.01918782666325569, 0.021047715097665787, 0.022907603532075882, 0.024767491966485977, 0.02662738226354122, 0.028487270697951317, 0.030347159132361412, 0.032207049429416656, 0.03406693786382675, 0.03592682629823685, 0.03778671473264694, 0.03964660316705704, 0.04150649160146713, 0.04336638003587723, 0.04522626847028732, 0.04708616062998772, 0.04894604906439781, 0.05080593749880791, 0.052665825933218, 0.0545257143676281, 0.05638560280203819, 0.058245494961738586, 0.06010538339614868, 0.06196527183055878, 0.06382516026496887, 0.06568504869937897]}, "gradients/conv_layer.2.bias": {"_type": "histogram",