{"graph_0": {"_type": "graph-file", "path": "media/graph/graph_0_summary_f2c08f51.graph.json", "sha256": "f2c08f51025ea210872347141f71f1ae527c946983c0f3a8cda8fe4b76405d68", "size": 1133}, "Train Loss": 0.4593890954043593, "Val Loss": 1.8062774151802063, "Train Acc": 84.7086446104589, "Val Acc": 52.1824, "_runtime": 366, "_timestamp": 1620690809, "_step": 14, "gradients/linear_layers.3.bias": {"_type": "histogram", "values": [1.0, 0.0, 0.0, 0.0, 0.0, 0.0, 0.0, 0.0, 0.0, 0.0, 0.0, 0.0, 0.0, 0.0, 0.0, 0.0, 0.0, 0.0, 0.0, 1.0, 0.0, 0.0, 0.0, 0.0, 0.0, 0.0, 0.0, 0.0, 1.0, 0.0, 0.0, 0.0, 0.0, 0.0, 0.0, 0.0, 0.0, 0.0, 0.0, 0.0, 1.0, 0.0, 1.0, 1.0, 0.0, 1.0, 0.0, 0.0, 0.0, 0.0, 0.0, 0.0, 0.0, 0.0, 0.0, 1.0, 1.0, 0.0, 0.0, 0.0, 0.0, 0.0, 0.0, 1.0], "bins": [-0.06919922679662704, -0.06746512651443481, -0.06573102623224258, -0.06399692595005035, -0.06226282939314842, -0.06052872911095619, -0.05879462882876396, -0.05706052854657173, -0.0553264319896698, -0.05359233170747757, -0.05185823142528534, -0.05012413114309311, -0.04839003458619118, -0.04665593430399895, -0.04492183402180672, -0.04318773373961449, -0.041453633457422256, -0.039719533175230026, -0.037985432893037796, -0.036251336336135864, -0.034517236053943634, -0.032783135771751404, -0.031049035489559174, -0.029314935207366943, -0.027580834925174713, -0.025846734642982483, -0.024112636223435402, -0.02237853594124317, -0.02064443752169609, -0.01891033723950386, -0.01717623695731163, -0.015442137606441975, -0.01370803639292717, -0.011973937042057514, -0.010239837691187859, -0.008505737408995628, -0.006771638058125973, -0.005037538707256317, -0.003303438425064087, -0.0015693390741944313, 0.00016475841403007507, 0.0018988579977303743, 0.0036329575814306736, 0.0053670573979616165, 0.007101156748831272, 0.008835256099700928, 0.010569356381893158, 0.012303455732762814, 0.014037556946277618, 0.01577165722846985, 0.01750575564801693, 0.01923985593020916, 0.02097395434975624, 0.02270805463194847, 0.0244421549141407, 0.02617625519633293, 0.027910353615880013, 0.029644453898072243, 0.031378552317619324, 0.033112652599811554, 0.034846752882003784, 0.036580853164196014, 0.038314953446388245, 0.040049050003290176, 0.04178315028548241]}, "gradients/linear_layers.3.weight": {"_type": "histogram", "values": [2.0, 2.0, 0.0, 2.0, 0.0, 1.0, 2.0, 6.0, 2.0, 3.0, 6.0, 3.0, 7.0, 7.0, 6.0, 3.0, 7.0, 17.0, 12.0, 17.0, 24.0, 26.0, 28.0, 27.0, 42.0, 45.0, 32.0, 53.0, 72.0, 90.0, 89.0, 74.0, 116.0, 116.0, 148.0, 217.0, 809.0, 1221.0, 552.0, 294.0, 217.0, 155.0, 104.0, 88.0, 71.0, 57.0, 40.0, 36.0, 47.0, 32.0, 19.0, 20.0, 14.0, 9.0, 5.0, 8.0, 4.0, 4.0, 4.0, 0.0, 1.0, 2.0, 1.0, 2.0], "bins": [-0.1642485111951828, -0.15979163348674774, -0.15533477067947388, -0.15087789297103882, -0.14642101526260376, -0.1419641375541687, -0.13750725984573364, -0.13305039703845978, -0.12859351933002472, -0.12413664162158966, -0.1196797713637352, -0.11522290110588074, -0.11076602339744568, -0.10630914568901062, -0.10185227543115616, -0.0973954051733017, -0.09293852746486664, -0.08848164975643158, -0.08402477949857712, -0.07956790924072266, -0.0751110315322876, -0.07065415382385254, -0.06619728356599808, -0.06174040958285332, -0.05728353559970856, -0.0528266616165638, -0.04836978763341904, -0.04391291365027428, -0.03945603966712952, -0.034999165683984756, -0.030542291700839996, -0.026085417717695236, -0.02162855863571167, -0.01717168465256691, -0.01271481066942215, -0.00825793668627739, -0.0038010627031326294, 0.0006558112800121307, 0.005112685263156891, 0.009569559246301651, 0.014026433229446411, 0.01848330721259117, 0.02294018119573593, 0.02739705517888069, 0.03185392916202545, 0.03631080314517021, 0.04076767712831497, 0.04522455111145973, 0.04968142509460449, 0.05413829907774925, 0.05859517306089401, 0.06305204331874847, 0.06750892102718353, 0.07196579873561859, 0.07642266899347305, 0.08087953925132751, 0.08533641695976257, 0.08979329466819763, 0.0942501649260521, 0.09870703518390656, 0.10316391289234161, 0.10762079060077667, 0.11207766085863113, 0.1165345311164856, 0.12099140882492065]}, "gradients/linear_layers.2.bias": {"_type": "histogram", "values": [1.0, 0.0, 0.0, 0.0, 0.0, 0.0, 1.0, 0.0, 1.0, 4.0, 3.0, 1.0, 1.0, 1.0, 2.0, 3.0, 3.0, 4.0, 4.0, 4.0, 8.0, 13.0, 7.0, 15.0, 12.0, 16.0, 15.0, 9.0, 20.0, 11.0, 19.0, 21.0, 27.0, 20.0, 40.0, 19.0, 17.0, 24.0, 15.0, 16.0, 12.0, 13.0, 18.0, 16.0, 6.0, 7.0, 9.0, 12.0, 1.0, 6.0, 6.0, 2.0, 1.0, 5.0, 2.0, 2.0, 7.0, 2.0, 0.0, 2.0, 1.0, 2.0, 1.0, 2.0], "bins": [-0.0134810209274292, -0.013093880377709866, -0.012706738896667957, -0.012319598346948624, -0.01193245779722929, -0.011545317247509956, -0.011158175766468048, -0.010771035216748714, -0.01038389466702938, -0.009996754117310047, -0.009609612636268139, -0.009222472086548805, -0.008835331536829472, -0.008448190987110138, -0.00806104950606823, -0.007673908956348896, -0.007286767475306988, -0.006899626459926367, -0.006512485910207033, -0.006125344894826412, -0.0057382043451070786, -0.005351063329726458, -0.004963922314345837, -0.004576781764626503, -0.004189640283584595, -0.0038024995010346174, -0.00341535871848464, -0.003028217703104019, -0.002641076920554042, -0.0022539361380040646, -0.0018667951226234436, -0.0014796543400734663, -0.001092514954507351, -0.0007053741137497127, -0.0003182332729920745, 6.890762597322464e-05, 0.00045604840852320194, 0.0008431891910731792, 0.0012303302064538002, 0.0016174709890037775, 0.0020046113058924675, 0.002391752088442445, 0.002778892870992422, 0.003166033886373043, 0.0035531746689230204, 0.003940315451472998, 0.004327456466853619, 0.004714597016572952, 0.0051017384976148605, 0.0054888795129954815, 0.005876020062714815, 0.006263161078095436, 0.00665030162781477, 0.007037442643195391, 0.007424583658576012, 0.007811724208295345, 0.008198864758014679, 0.008586005307734013, 0.008973146788775921, 0.009360287338495255, 0.009747427888214588, 0.010134568437933922, 0.01052170991897583, 0.010908850468695164, 0.011295991949737072]}, "gradients/linear_layers.2.weight": {"_type": "histogram", "values": [4.0, 4.0, 3.0, 7.0, 4.0, 4.0, 11.0, 10.0, 18.0, 31.0, 36.0, 36.0, 69.0, 85.0, 124.0, 176.0, 251.0, 340.0, 550.0, 683.0, 1025.0, 1385.0, 2172.0, 3211.0, 5036.0, 7819.0, 12274.0, 19846.0, 32093.0, 65741.0, 41550.0, 24628.0, 15094.0, 9395.0, 6024.0, 3866.0, 2453.0, 1771.0, 1206.0, 863.0, 635.0, 445.0, 354.0, 230.0, 152.0, 110.0, 90.0, 75.0, 40.0, 26.0, 20.0, 19.0, 16.0, 7.0, 10.0, 4.0, 5.0, 4.0, 0.0, 0.0, 1.0, 2.0, 0.0, 1.0], "bins": [-0.016250543296337128, -0.01570599339902401, -0.015161443501710892, -0.014616893604397774, -0.014072343707084656, -0.013527793809771538, -0.01298324391245842, -0.012438694015145302, -0.011894144117832184, -0.011349594220519066, -0.010805044323205948, -0.01026049442589283, -0.009715944528579712, -0.009171394631266594, -0.008626844733953476, -0.008082294836640358, -0.00753774493932724, -0.006993195042014122, -0.006448645144701004, -0.005904095247387886, -0.005359545350074768, -0.00481499545276165, -0.004270445555448532, -0.003725895658135414, -0.003181345760822296, -0.002636795863509178, -0.00209224596619606, -0.0015476960688829422, -0.0010031461715698242, -0.00045859627425670624, 8.595362305641174e-05, 0.0006305035203695297, 0.0011750515550374985, 0.0017196014523506165, 0.0022641513496637344, 0.0028087012469768524, 0.0033532511442899704, 0.0038978010416030884, 0.004442350938916206, 0.004986900836229324, 0.005531450733542442, 0.00607600063085556, 0.006620550528168678, 0.007165100425481796, 0.007709650322794914, 0.008254200220108032, 0.00879875011742115, 0.009343300014734268, 0.009887849912047386, 0.010432399809360504, 0.010976949706673622, 0.01152149960398674, 0.012066049501299858, 0.012610599398612976, 0.013155149295926094, 0.013699699193239212, 0.01424424909055233, 0.014788798987865448, 0.015333348885178566, 0.015877898782491684, 0.016422448679804802, 0.01696699857711792, 0.017511548474431038, 0.018056098371744156, 0.018600648269057274]}, "gradients/linear_layers.1.bias": {"_type": "histogram",