{"graph_0": {"_type": "graph-file", "path": "media/graph/graph_0_summary_0b845b0d.graph.json", "sha256": "0b845b0d92aaf44c7bc8076f1143973a963fd578d1f2d03454254f67292a2d25", "size": 1513}, "Train Loss": 1.5819333988930653, "Val Loss": 1.5448936038970946, "Train Acc": 42.76627534685166, "Val Acc": 44.5376, "_runtime": 94, "_timestamp": 1620683099, "_step": 4, "gradients/fc3.bias": {"_type": "histogram", "values": [2.0, 1.0, 0.0, 1.0, 0.0, 0.0, 0.0, 0.0, 0.0, 0.0, 0.0, 0.0, 0.0, 1.0, 0.0, 0.0, 0.0, 0.0, 0.0, 0.0, 0.0, 1.0, 0.0, 0.0, 0.0, 0.0, 0.0, 0.0, 0.0, 0.0, 0.0, 0.0, 0.0, 1.0, 0.0, 0.0, 0.0, 0.0, 0.0, 0.0, 0.0, 0.0, 0.0, 0.0, 0.0, 0.0, 0.0, 0.0, 1.0, 0.0, 0.0, 0.0, 0.0, 0.0, 0.0, 0.0, 0.0, 1.0, 0.0, 0.0, 0.0, 0.0, 0.0, 1.0], "bins": [-0.03787175565958023, -0.03632142022252083, -0.034771084785461426, -0.033220745623111725, -0.03167041018605232, -0.03012007474899292, -0.028569739311933517, -0.027019403874874115, -0.025469066575169563, -0.02391873113811016, -0.02236839383840561, -0.020818058401346207, -0.019267722964286804, -0.017717385664582253, -0.01616705022752285, -0.014616713859140873, -0.013066377490758896, -0.011516041122376919, -0.009965704753994942, -0.00841536931693554, -0.006865032948553562, -0.005314696580171585, -0.0037643611431121826, -0.0022140247747302055, -0.0006636902689933777, 0.0008866458665579557, 0.002436982002109289, 0.003987317904829979, 0.005537654273211956, 0.007087990641593933, 0.008638326078653336, 0.010188662447035313, 0.011739000678062439, 0.013289337046444416, 0.014839673414826393, 0.016390008851885796, 0.017940346151590347, 0.01949068158864975, 0.021041017025709152, 0.022591352462768555, 0.024141691625118256, 0.025692027062177658, 0.02724236436188221, 0.028792699798941612, 0.030343037098646164, 0.031893372535705566, 0.03344370797276497, 0.03499404340982437, 0.036544378846883774, 0.038094714283943176, 0.03964504972100258, 0.04119538515806198, 0.04274572432041168, 0.044296059757471085, 0.04584639519453049, 0.04739673063158989, 0.04894706606864929, 0.050497401505708694, 0.0520477369427681, 0.0535980761051178, 0.0551484115421772, 0.0566987469792366, 0.058249082416296005, 0.05979941785335541, 0.06134975701570511]}, "gradients/fc3.weight": {"_type": "histogram", "values": [1.0, 0.0, 0.0, 1.0, 1.0, 0.0, 1.0, 2.0, 4.0, 3.0, 1.0, 4.0, 4.0, 3.0, 6.0, 5.0, 3.0, 6.0, 14.0, 8.0, 10.0, 12.0, 16.0, 15.0, 22.0, 21.0, 20.0, 27.0, 36.0, 290.0, 65.0, 39.0, 27.0, 30.0, 16.0, 23.0, 18.0, 13.0, 10.0, 10.0, 11.0, 6.0, 5.0, 4.0, 4.0, 2.0, 4.0, 5.0, 2.0, 2.0, 0.0, 4.0, 0.0, 0.0, 0.0, 2.0, 0.0, 1.0, 0.0, 0.0, 0.0, 0.0, 0.0, 1.0], "bins": [-0.1659163534641266, -0.1603207141160965, -0.1547250896692276, -0.1491294503211975, -0.14353381097316742, -0.13793817162513733, -0.13234254717826843, -0.12674690783023834, -0.12115127593278885, -0.11555564403533936, -0.10996000468730927, -0.10436437278985977, -0.09876874089241028, -0.09317310154438019, -0.0875774696469307, -0.0819818377494812, -0.07638619840145111, -0.07079056650400162, -0.06519492715597153, -0.059599295258522034, -0.05400365963578224, -0.04840802401304245, -0.04281239211559296, -0.037216756492853165, -0.03162112832069397, -0.026025492697954178, -0.020429858937859535, -0.014834225177764893, -0.0092385895550251, -0.003642953932285309, 0.0019526779651641846, 0.0075483135879039764, 0.013143941760063171, 0.018739577382802963, 0.024335211142897606, 0.02993084490299225, 0.03552648052573204, 0.04112211614847183, 0.046717748045921326, 0.05231338366866112, 0.057909026741981506, 0.063504658639431, 0.06910029798746109, 0.07469592988491058, 0.08029156923294067, 0.08588720113039017, 0.09148283302783966, 0.09707847237586975, 0.10267409682273865, 0.10826972872018814, 0.11386536806821823, 0.11946099996566772, 0.12505663931369781, 0.1306522786617279, 0.1362479031085968, 0.1418435424566269, 0.14743918180465698, 0.15303482115268707, 0.15863044559955597, 0.16422608494758606, 0.16982172429561615, 0.17541736364364624, 0.18101298809051514, 0.18660862743854523, 0.19220425188541412]}, "gradients/fc2.bias": {"_type": "histogram", "values": [1.0, 0.0, 0.0, 0.0, 0.0, 0.0, 0.0, 0.0, 1.0, 0.0, 0.0, 0.0, 0.0, 1.0, 0.0, 0.0, 1.0, 0.0, 3.0, 0.0, 2.0, 2.0, 3.0, 1.0, 0.0, 3.0, 4.0, 1.0, 3.0, 2.0, 3.0, 6.0, 19.0, 4.0, 1.0, 1.0, 3.0, 2.0, 2.0, 1.0, 0.0, 3.0, 2.0, 1.0, 1.0, 1.0, 0.0, 1.0, 1.0, 0.0, 0.0, 0.0, 0.0, 2.0, 0.0, 0.0, 0.0, 1.0, 0.0, 0.0, 0.0, 0.0, 0.0, 1.0], "bins": [-0.029581677168607712, -0.028672024607658386, -0.02776237204670906, -0.026852719485759735, -0.02594306692481041, -0.025033414363861084, -0.02412376180291176, -0.023214109241962433, -0.022304456681013107, -0.021394804120063782, -0.020485151559114456, -0.01957549899816513, -0.018665846437215805, -0.01775619387626648, -0.016846541315317154, -0.01593688875436783, -0.015027238056063652, -0.014117585495114326, -0.013207932934165001, -0.012298280373215675, -0.01138862781226635, -0.010478975251317024, -0.009569323621690273, -0.008659671060740948, -0.007750019431114197, -0.006840366870164871, -0.005930714309215546, -0.005021062213927507, -0.004111409652978182, -0.0032017570920288563, -0.002292104996740818, -0.0013824524357914925, -0.00047279708087444305, 0.0004368553636595607, 0.0013465078081935644, 0.0022561601363122463, 0.003165812697261572, 0.0040754652582108974, 0.004985117353498936, 0.005894769914448261, 0.0068044234067201614, 0.007714075967669487, 0.008623728528618813, 0.009533381089568138, 0.010443033650517464, 0.01135268621146679, 0.01226233784109354, 0.013171990402042866, 0.014081642031669617, 0.014991294592618942, 0.015900947153568268, 0.016810599714517593, 0.01772025227546692, 0.018629904836416245, 0.01953955739736557, 0.020449209958314896, 0.02135886251926422, 0.022268515080213547, 0.023178167641162872, 0.024087820202112198, 0.024997472763061523, 0.02590712532401085, 0.026816777884960175, 0.0277264304459095, 0.028636081144213676]}, "gradients/fc2.weight": {"_type": "histogram", "values": [1.0, 0.0, 0.0, 0.0, 0.0, 0.0, 0.0, 3.0, 0.0, 0.0, 0.0, 0.0, 1.0, 2.0, 1.0, 1.0, 6.0, 5.0, 7.0, 4.0, 12.0, 14.0, 28.0, 23.0, 42.0, 54.0, 61.0, 92.0, 129.0, 143.0, 224.0, 338.0, 488.0, 933.0, 5515.0, 648.0, 368.0, 252.0, 173.0, 148.0, 89.0, 59.0, 45.0, 34.0, 33.0, 20.0, 13.0, 20.0, 15.0, 12.0, 3.0, 6.0, 3.0, 3.0, 5.0, 0.0, 1.0, 1.0, 0.0, 1.0, 0.0, 0.0, 0.0, 1.0], "bins": [-0.14256438612937927, -0.13841146230697632, -0.13425853848457336, -0.1301056146621704, -0.12595269083976746, -0.1217997670173645, -0.11764683574438095, -0.113493911921978, -0.10934098809957504, -0.10518806427717209, -0.10103514045476913, -0.09688221663236618, -0.09272928535938263, -0.08857636153697968, -0.08442343771457672, -0.08027051389217377, -0.07611759006977081, -0.07196466624736786, -0.0678117424249649, -0.06365881860256195, -0.0595058910548687, -0.055352967232465744, -0.05120003968477249, -0.04704711586236954, -0.04289419203996658, -0.03874126821756363, -0.034588344395160675, -0.030435416847467422, -0.02628249302506447, -0.022129569202661514, -0.01797664351761341, -0.013823717832565308, -0.00967077910900116, -0.005517854355275631, -0.0013649296015501022, 0.0027879951521754265, 0.006940919905900955, 0.01109384372830391, 0.015246769413352013, 0.019399695098400116, 0.02355261892080307, 0.027705542743206024, 0.03185846656560898, 0.03601139411330223, 0.040164317935705185, 0.04431724175810814, 0.04847016930580139, 0.052623093128204346, 0.0567760169506073, 0.060928940773010254, 0.06508186459541321, 0.06923478841781616, 0.07338771224021912, 0.07754063606262207, 0.08169356733560562, 0.08584649115800858, 0.08999941498041153, 0.09415233880281448, 0.09830526262521744, 0.10245818644762039, 0.10661111772060394, 0.1107640415430069, 0.11491696536540985, 0.1190698891878128, 0.12322281301021576]}, "gradients/fc1.bias": {"_type": "histogram",