{"graph_0": {"_type": "graph-file", "path": "media/graph/graph_0_summary_96eaa263.graph.json", "sha256": "96eaa2632774fb2d0c34600bccf05ef9517154078d0de3d495d30f823116b871", "size": 1130}, "Train Loss": 1.054669694495939, "Val Loss": 1.4426998007774352, "Train Acc": 63.54855923159018, "Val Acc": 51.1552, "_runtime": 250, "_timestamp": 1620689453, "_step": 14, "gradients/linear_layers.3.bias": {"_type": "histogram", "values": [1.0, 0.0, 0.0, 0.0, 0.0, 0.0, 0.0, 0.0, 0.0, 0.0, 0.0, 0.0, 0.0, 0.0, 0.0, 1.0, 2.0, 1.0, 1.0, 0.0, 0.0, 0.0, 0.0, 0.0, 0.0, 0.0, 0.0, 0.0, 0.0, 0.0, 0.0, 2.0, 0.0, 0.0, 0.0, 0.0, 1.0, 0.0, 0.0, 0.0, 0.0, 0.0, 0.0, 0.0, 0.0, 0.0, 0.0, 0.0, 0.0, 0.0, 0.0, 0.0, 0.0, 0.0, 0.0, 0.0, 0.0, 0.0, 0.0, 0.0, 0.0, 0.0, 0.0, 1.0], "bins": [-0.03915704786777496, -0.037593185901641846, -0.036029327660799026, -0.03446546569466591, -0.03290160372853279, -0.03133774548768997, -0.029773883521556854, -0.028210021555423737, -0.02664615958929062, -0.02508229948580265, -0.023518437519669533, -0.021954577416181564, -0.020390715450048447, -0.018826855346560478, -0.01726299524307251, -0.015699133276939392, -0.014135273173451424, -0.01257141213864088, -0.011007551103830338, -0.009443691000342369, -0.007879829034209251, -0.006315968930721283, -0.00475210789591074, -0.003188246861100197, -0.0016243867576122284, -6.052583921700716e-05, 0.001503335079178214, 0.0030671958811581135, 0.0046310569159686565, 0.006194917485117912, 0.007758778519928455, 0.009322639554738998, 0.010886501520872116, 0.01245036255568266, 0.014014223590493202, 0.01557808369398117, 0.01714194566011429, 0.018705805763602257, 0.020269665867090225, 0.021833527833223343, 0.02339738979935646, 0.02496124990284443, 0.026525111868977547, 0.028088971972465515, 0.029652833938598633, 0.0312166940420866, 0.03278055414557457, 0.03434441611170769, 0.03590827435255051, 0.037472136318683624, 0.039035994559526443, 0.04059985652565956, 0.04216371849179268, 0.0437275767326355, 0.045291438698768616, 0.04685530066490173, 0.04841916263103485, 0.04998302459716797, 0.05154688283801079, 0.053110744804143906, 0.05467460677027702, 0.05623846501111984, 0.05780232697725296, 0.05936618894338608, 0.060930050909519196]}, "gradients/linear_layers.3.weight": {"_type": "histogram", "values": [1.0, 1.0, 0.0, 1.0, 2.0, 1.0, 8.0, 8.0, 6.0, 7.0, 1.0, 7.0, 14.0, 17.0, 20.0, 32.0, 28.0, 52.0, 40.0, 46.0, 53.0, 58.0, 91.0, 83.0, 135.0, 98.0, 78.0, 86.0, 60.0, 58.0, 43.0, 34.0, 19.0, 16.0, 9.0, 11.0, 12.0, 6.0, 6.0, 3.0, 2.0, 3.0, 1.0, 0.0, 2.0, 1.0, 4.0, 2.0, 0.0, 2.0, 3.0, 0.0, 2.0, 1.0, 0.0, 0.0, 1.0, 1.0, 1.0, 1.0, 0.0, 0.0, 1.0, 1.0], "bins": [-0.15287162363529205, -0.1466216742992401, -0.14037173986434937, -0.13412179052829742, -0.12787184119224548, -0.12162190675735474, -0.1153719574213028, -0.10912201553583145, -0.10287207365036011, -0.09662213176488876, -0.09037218987941742, -0.08412224054336548, -0.07787229865789413, -0.07162235677242279, -0.06537240743637085, -0.059122465550899506, -0.05287252366542816, -0.04662258177995682, -0.040372636169195175, -0.03412269055843353, -0.02787274867296219, -0.021622804924845695, -0.015372861176729202, -0.00912291556596756, -0.002872973680496216, 0.0033769700676202774, 0.00962691381573677, 0.015876857563853264, 0.022126801311969757, 0.02837674506008625, 0.034626688808202744, 0.040876634418964386, 0.047126561403274536, 0.05337650328874588, 0.05962644889950752, 0.06587639451026917, 0.07212633639574051, 0.07837627828121185, 0.0846262276172638, 0.09087616950273514, 0.09712611138820648, 0.10337605327367783, 0.10962599515914917, 0.11587594449520111, 0.12212588638067245, 0.1283758282661438, 0.13462577760219574, 0.14087572693824768, 0.14712566137313843, 0.15337561070919037, 0.15962554514408112, 0.16587549448013306, 0.1721254289150238, 0.17837537825107574, 0.18462532758712769, 0.19087526202201843, 0.19712521135807037, 0.20337516069412231, 0.20962509512901306, 0.215875044465065, 0.22212499380111694, 0.2283749282360077, 0.23462487757205963, 0.24087482690811157, 0.24712476134300232]}, "gradients/linear_layers.2.bias": {"_type": "histogram", "values": [1.0, 0.0, 1.0, 0.0, 0.0, 1.0, 0.0, 2.0, 3.0, 1.0, 3.0, 2.0, 3.0, 1.0, 1.0, 2.0, 3.0, 4.0, 4.0, 4.0, 6.0, 6.0, 4.0, 5.0, 6.0, 2.0, 3.0, 3.0, 4.0, 3.0, 5.0, 1.0, 2.0, 5.0, 3.0, 3.0, 1.0, 3.0, 5.0, 3.0, 1.0, 1.0, 1.0, 5.0, 1.0, 0.0, 2.0, 1.0, 0.0, 2.0, 0.0, 3.0, 0.0, 1.0, 0.0, 0.0, 0.0, 0.0, 0.0, 0.0, 0.0, 0.0, 0.0, 1.0], "bins": [-0.013829892501235008, -0.01334349438548088, -0.012857097201049328, -0.0123706990852952, -0.011884301900863647, -0.01139790378510952, -0.010911505669355392, -0.010425107553601265, -0.009938710369169712, -0.009452312253415585, -0.008965915068984032, -0.008479516953229904, -0.007993118837475777, -0.007506721653044224, -0.007020323537290096, -0.006533925887197256, -0.006047528237104416, -0.005561130587011576, -0.0050747329369187355, -0.004588334821164608, -0.004101937171071768, -0.0036155395209789276, -0.0031291416380554438, -0.00264274375513196, -0.0021563461050391197, -0.0016699483385309577, -0.0011835505720227957, -0.0006971528055146337, -0.00021075503900647163, 0.00027564261108636856, 0.0007620404940098524, 0.0012484383769333363, 0.0017348360270261765, 0.0022212336771190166, 0.0027076315600425005, 0.0031940294429659843, 0.0036804270930588245, 0.004166824743151665, 0.004653222858905792, 0.005139620508998632, 0.005626018159091473, 0.006112415809184313, 0.006598813459277153, 0.0070852115750312805, 0.007571609225124121, 0.008058006875216961, 0.008544404990971088, 0.009030802175402641, 0.009517200291156769, 0.010003598406910896, 0.01048999559134245, 0.010976393707096577, 0.01146279089152813, 0.011949189007282257, 0.012435587123036385, 0.012921985238790512, 0.013408382423222065, 0.013894780538976192, 0.014381177723407745, 0.014867575839161873, 0.015353973954916, 0.01584037020802498, 0.016326768323779106, 0.016813166439533234, 0.01729956455528736]}, "gradients/linear_layers.2.weight": {"_type": "histogram", "values": [1.0, 0.0, 2.0, 2.0, 1.0, 4.0, 1.0, 3.0, 5.0, 7.0, 7.0, 15.0, 10.0, 30.0, 28.0, 55.0, 76.0, 92.0, 138.0, 195.0, 232.0, 335.0, 484.0, 636.0, 795.0, 959.0, 1180.0, 1350.0, 1608.0, 1776.0, 1360.0, 1151.0, 989.0, 745.0, 575.0, 432.0, 323.0, 225.0, 141.0, 126.0, 74.0, 60.0, 47.0, 32.0, 20.0, 16.0, 11.0, 10.0, 3.0, 6.0, 0.0, 1.0, 5.0, 2.0, 0.0, 1.0, 1.0, 0.0, 0.0, 0.0, 0.0, 0.0, 0.0, 1.0], "bins": [-0.05046849697828293, -0.04873698577284813, -0.04700547456741333, -0.04527396708726883, -0.04354245588183403, -0.04181094467639923, -0.04007943347096443, -0.03834792226552963, -0.03661641478538513, -0.03488490357995033, -0.03315339237451553, -0.03142188489437103, -0.029690373688936234, -0.027958862483501434, -0.026227351278066635, -0.024495840072631836, -0.022764328867197037, -0.021032817661762238, -0.019301308318972588, -0.01756979711353779, -0.01583828777074814, -0.01410677656531334, -0.01237526535987854, -0.010643755085766315, -0.008912242949008942, -0.007180732674896717, -0.005449221935123205, -0.0037177111953496933, -0.0019862009212374687, -0.00025469064712524414, 0.001476820558309555, 0.0032083308324217796, 0.004939839243888855, 0.0066713495180010796, 0.008402859792113304, 0.010134370997548103, 0.011865881271660328, 0.013597391545772552, 0.015328902751207352, 0.01706041395664215, 0.01879192143678665, 0.02052343264222145, 0.0222549419850111, 0.0239864531904459, 0.02571796253323555, 0.02744947373867035, 0.02918098494410515, 0.030912496149539948, 0.03264400735497475, 0.034375518560409546, 0.036107029765844345, 0.037838540971279144, 0.039570048451423645, 0.041301559656858444, 0.04303307086229324, 0.04476458206772804, 0.04649609327316284, 0.04822760447859764, 0.04995911568403244, 0.05169062316417694, 0.05342213436961174, 0.05515364557504654, 0.05688515678048134, 0.05861666798591614, 0.06034817546606064]}, "gradients/linear_layers.1.bias": {"_type": "histogram",