{"graph_0": {"_type": "graph-file", "path": "media/graph/graph_0_summary_38c0fa62.graph.json", "sha256": "38c0fa6257ea01f5d46f3787d4c327ab021a38ba860beb326a5983122867bba5", "size": 1083}, "Train Loss": 1.7987775800067816, "Val Loss": 1.8135062900543213, "Train Acc": 38.84204909284952, "Val Acc": 38.3344, "_runtime": 222, "_timestamp": 1620758619, "_step": 14, "gradients/fc_out.bias": {"_type": "histogram", "values": [1.0, 0.0, 0.0, 0.0, 0.0, 0.0, 0.0, 0.0, 0.0, 0.0, 0.0, 0.0, 0.0, 0.0, 0.0, 0.0, 1.0, 0.0, 1.0, 0.0, 0.0, 0.0, 0.0, 0.0, 0.0, 0.0, 0.0, 0.0, 0.0, 0.0, 0.0, 0.0, 0.0, 0.0, 0.0, 0.0, 0.0, 0.0, 0.0, 0.0, 3.0, 0.0, 0.0, 0.0, 0.0, 1.0, 0.0, 0.0, 0.0, 0.0, 0.0, 1.0, 0.0, 0.0, 0.0, 0.0, 0.0, 0.0, 0.0, 0.0, 0.0, 0.0, 0.0, 2.0], "bins": [-0.05878763645887375, -0.05733039230108261, -0.055873144418001175, -0.05441590026021004, -0.0529586561024189, -0.05150140821933746, -0.050044164061546326, -0.04858691990375519, -0.04712967202067375, -0.045672427862882614, -0.04421517997980118, -0.04275793582201004, -0.0413006916642189, -0.039843443781137466, -0.03838619962334633, -0.03692895174026489, -0.035471707582473755, -0.03401446342468262, -0.03255721554160118, -0.031099971383810043, -0.029642725363373756, -0.02818547934293747, -0.026728235185146332, -0.025270989164710045, -0.023813746869564056, -0.02235650084912777, -0.020899256691336632, -0.019442010670900345, -0.017984764650464058, -0.01652751863002777, -0.015070274472236633, -0.013613028451800346, -0.01215578243136406, -0.010698537342250347, -0.00924129132181406, -0.007784046232700348, -0.006326800677925348, -0.004869555123150349, -0.0034123100340366364, -0.0019550640136003494, -0.0004978179931640625, 0.0009594274451956153, 0.002416672883555293, 0.003873918205499649, 0.005331163760274649, 0.006788409315049648, 0.00824565440416336, 0.009702900424599648, 0.011160144582390785, 0.012617389671504498, 0.014074635691940784, 0.015531880781054497, 0.016989126801490784, 0.01844637095928192, 0.01990361697971821, 0.021360863000154495, 0.022818107157945633, 0.02427535317838192, 0.025732597336173058, 0.027189843356609344, 0.02864708937704563, 0.03010433539748192, 0.031561579555273056, 0.03301882743835449, 0.03447607159614563]}, "gradients/fc_out.weight": {"_type": "histogram", "values": [1.0, 0.0, 3.0, 0.0, 3.0, 0.0, 2.0, 1.0, 0.0, 0.0, 2.0, 2.0, 3.0, 2.0, 3.0, 7.0, 4.0, 2.0, 6.0, 11.0, 7.0, 9.0, 7.0, 9.0, 11.0, 7.0, 17.0, 16.0, 21.0, 14.0, 19.0, 21.0, 19.0, 30.0, 40.0, 49.0, 43.0, 53.0, 73.0, 47.0, 414.0, 89.0, 75.0, 75.0, 52.0, 59.0, 68.0, 57.0, 52.0, 48.0, 40.0, 31.0, 29.0, 24.0, 17.0, 10.0, 9.0, 9.0, 11.0, 6.0, 3.0, 2.0, 3.0, 3.0], "bins": [-0.27581989765167236, -0.26906540989875793, -0.2623109519481659, -0.25555646419525146, -0.24880199134349823, -0.242047518491745, -0.23529303073883057, -0.22853855788707733, -0.2217840850353241, -0.21502961218357086, -0.20827513933181763, -0.2015206515789032, -0.19476617872714996, -0.18801170587539673, -0.1812572181224823, -0.17450274527072906, -0.16774827241897583, -0.1609937995672226, -0.15423932671546936, -0.14748483896255493, -0.1407303661108017, -0.13397589325904846, -0.12722140550613403, -0.1204669326543808, -0.11371245980262756, -0.10695798695087433, -0.1002035066485405, -0.09344902634620667, -0.08669455349445343, -0.0799400806427002, -0.07318560034036636, -0.06643112003803253, -0.0596766471862793, -0.052922170609235764, -0.04616769403219223, -0.0394132174551487, -0.032658740878105164, -0.02590426430106163, -0.019149787724018097, -0.012395311146974564, -0.00564083456993103, 0.001113642007112503, 0.007868118584156036, 0.01462259516119957, 0.021377071738243103, 0.028131548315286636, 0.03488602489233017, 0.0416405014693737, 0.048394978046417236, 0.05514945462346077, 0.0619039312005043, 0.06865841150283813, 0.07541288435459137, 0.0821673572063446, 0.08892183750867844, 0.09567631781101227, 0.1024307906627655, 0.10918526351451874, 0.11593974381685257, 0.1226942241191864, 0.12944869697093964, 0.13620316982269287, 0.1429576575756073, 0.14971213042736053, 0.15646660327911377]}, "gradients/conv_layers.1.bias": {"_type": "histogram", "values": [1.0, 0.0, 0.0, 0.0, 0.0, 0.0, 0.0, 0.0, 0.0, 0.0, 0.0, 1.0, 0.0, 0.0, 0.0, 0.0, 0.0, 0.0, 0.0, 0.0, 0.0, 0.0, 0.0, 0.0, 0.0, 0.0, 0.0, 0.0, 0.0, 0.0, 0.0, 0.0, 0.0, 1.0, 0.0, 0.0, 0.0, 0.0, 0.0, 0.0, 0.0, 1.0, 0.0, 0.0, 0.0, 0.0, 0.0, 0.0, 1.0, 0.0, 0.0, 0.0, 0.0, 0.0, 0.0, 0.0, 0.0, 0.0, 0.0, 0.0, 0.0, 0.0, 0.0, 2.0], "bins": [-0.10179787874221802, -0.09930955618619919, -0.09682123363018036, -0.09433290362358093, -0.0918445810675621, -0.08935625851154327, -0.08686792850494385, -0.08437960594892502, -0.08189128339290619, -0.07940296083688736, -0.07691463828086853, -0.0744263082742691, -0.07193798571825027, -0.06944966316223145, -0.06696133315563202, -0.06447301059961319, -0.06198468804359436, -0.05949636548757553, -0.0570080392062664, -0.054519712924957275, -0.052031390368938446, -0.04954306781291962, -0.04705474153161049, -0.04456641525030136, -0.04207809269428253, -0.0395897701382637, -0.037101443856954575, -0.03461311757564545, -0.03212479501962662, -0.02963647060096264, -0.02714814618229866, -0.02465982176363468, -0.022171489894390106, -0.019683165475726128, -0.01719484105706215, -0.01470651663839817, -0.012218192219734192, -0.009729867801070213, -0.007241543382406235, -0.004753218963742256, -0.0022648945450782776, 0.000223429873585701, 0.0027117542922496796, 0.005200078710913658, 0.007688403129577637, 0.010176727548241615, 0.012665051966905594, 0.015153376385569572, 0.01764170080423355, 0.02013002522289753, 0.022618349641561508, 0.025106674060225487, 0.027594998478889465, 0.030083322897553444, 0.03257164731621742, 0.03505997359752655, 0.03754829615354538, 0.04003661870956421, 0.04252494499087334, 0.045013271272182465, 0.047501593828201294, 0.04998991638422012, 0.05247824266552925, 0.05496656894683838, 0.05745489150285721]}, "gradients/conv_layers.1.weight": {"_type": "histogram", "values": [2.0, 0.0, 0.0, 0.0, 2.0, 3.0, 2.0, 7.0, 2.0, 3.0, 1.0, 0.0, 1.0, 3.0, 0.0, 1.0, 0.0, 0.0, 3.0, 1.0, 1.0, 0.0, 1.0, 2.0, 6.0, 4.0, 10.0, 6.0, 17.0, 21.0, 40.0, 37.0, 31.0, 60.0, 165.0, 232.0, 230.0, 102.0, 45.0, 48.0, 44.0, 18.0, 18.0, 20.0, 9.0, 2.0, 0.0, 0.0, 0.0, 0.0, 2.0, 1.0, 2.0, 1.0, 1.0, 2.0, 5.0, 2.0, 0.0, 2.0, 1.0, 2.0, 2.0, 2.0], "bins": [-0.3216311037540436, -0.3125908076763153, -0.30355048179626465, -0.2945101857185364, -0.2854698896408081, -0.27642956376075745, -0.2673892676830292, -0.2583489418029785, -0.24930864572525024, -0.24026833474636078, -0.2312280237674713, -0.22218772768974304, -0.21314741671085358, -0.2041071057319641, -0.19506680965423584, -0.18602649867534637, -0.1769861876964569, -0.16794587671756744, -0.15890556573867798, -0.1498652696609497, -0.14082495868206024, -0.13178464770317078, -0.12274434417486191, -0.11370404064655304, -0.10466372966766357, -0.09562341868877411, -0.08658311516046524, -0.07754281163215637, -0.0685025006532669, -0.05946219339966774, -0.05042188614606857, -0.041381582617759705, -0.03234124183654785, -0.023300934582948685, -0.014260627329349518, -0.005220320075750351, 0.003819987177848816, 0.012860294431447983, 0.02190060168504715, 0.030940905213356018, 0.03998121619224548, 0.04902152344584465, 0.05806183069944382, 0.06710213422775269, 0.07614244520664215, 0.08518275618553162, 0.09422305971384048, 0.10326336324214935, 0.11230367422103882, 0.12134398519992828, 0.13038429617881775, 0.13942459225654602, 0.14846490323543549, 0.15750521421432495, 0.16654551029205322, 0.1755858212709427, 0.18462613224983215, 0.19366644322872162, 0.20270675420761108, 0.21174705028533936, 0.22078736126422882, 0.2298276722431183, 0.23886796832084656, 0.24790827929973602, 0.2569485902786255]}, "gradients/conv_layers.0.bias": {"_type": "histogram",