{"graph_0": {"_type": "graph-file", "path": "media/graph/graph_0_summary_c16255a0.graph.json", "sha256": "c16255a05f6dfe0be763a8c0aef6dba310f9ca4efc34cb1ed0905b7b16029d45", "size": 1513}, "Train Loss": 1.5431205368220107, "Val Loss": 1.515699142074585, "Train Acc": 43.15261472785485, "Val Acc": 44.6944, "_runtime": 79, "_timestamp": 1620682287, "_step": 4, "gradients/fc3.bias": {"_type": "histogram", "values": [1.0, 0.0, 0.0, 0.0, 0.0, 0.0, 0.0, 0.0, 0.0, 0.0, 1.0, 0.0, 0.0, 0.0, 0.0, 0.0, 0.0, 0.0, 1.0, 0.0, 0.0, 0.0, 0.0, 1.0, 0.0, 0.0, 0.0, 0.0, 0.0, 0.0, 0.0, 0.0, 0.0, 0.0, 0.0, 0.0, 1.0, 0.0, 1.0, 1.0, 0.0, 1.0, 1.0, 0.0, 0.0, 0.0, 0.0, 0.0, 0.0, 0.0, 0.0, 0.0, 0.0, 0.0, 0.0, 0.0, 0.0, 0.0, 0.0, 0.0, 0.0, 0.0, 0.0, 1.0], "bins": [-0.0967579036951065, -0.09368473291397095, -0.09061156958341599, -0.08753840625286102, -0.08446523547172546, -0.0813920646905899, -0.07831890136003494, -0.07524573802947998, -0.07217256724834442, -0.06909939646720886, -0.0660262331366539, -0.06295306980609894, -0.05987989902496338, -0.05680673196911812, -0.05373356491327286, -0.0506603978574276, -0.047587230801582336, -0.044514063745737076, -0.041440896689891815, -0.038367729634046555, -0.035294562578201294, -0.03222139552235603, -0.029148228466510773, -0.026075061410665512, -0.02300189435482025, -0.01992872729897499, -0.01685556024312973, -0.01378239318728447, -0.010709226131439209, -0.007636059075593948, -0.004562892019748688, -0.0014897249639034271, 0.0015834495425224304, 0.004656616598367691, 0.007729783654212952, 0.010802950710058212, 0.013876117765903473, 0.016949284821748734, 0.020022451877593994, 0.023095618933439255, 0.026168785989284515, 0.029241953045129776, 0.03231512010097504, 0.0353882871568203, 0.03846145421266556, 0.04153462126851082, 0.04460778832435608, 0.04768095538020134, 0.0507541224360466, 0.05382728949189186, 0.05690045654773712, 0.05997362360358238, 0.06304679065942764, 0.0661199539899826, 0.06919312477111816, 0.07226629555225372, 0.07533945888280869, 0.07841262221336365, 0.0814857929944992, 0.08455896377563477, 0.08763212710618973, 0.09070529043674469, 0.09377846121788025, 0.09685163199901581, 0.09992479532957077]}, "gradients/fc3.weight": {"_type": "histogram", "values": [1.0, 0.0, 0.0, 0.0, 0.0, 2.0, 2.0, 1.0, 2.0, 4.0, 3.0, 5.0, 7.0, 8.0, 3.0, 9.0, 6.0, 13.0, 10.0, 10.0, 13.0, 13.0, 21.0, 12.0, 22.0, 25.0, 48.0, 241.0, 83.0, 57.0, 62.0, 35.0, 41.0, 18.0, 14.0, 9.0, 9.0, 3.0, 4.0, 4.0, 2.0, 0.0, 1.0, 2.0, 1.0, 2.0, 4.0, 1.0, 1.0, 0.0, 1.0, 0.0, 0.0, 0.0, 1.0, 1.0, 1.0, 0.0, 1.0, 0.0, 0.0, 0.0, 0.0, 1.0], "bins": [-0.23209577798843384, -0.22366833686828613, -0.21524089574813843, -0.20681345462799072, -0.19838601350784302, -0.1899585723876953, -0.1815311163663864, -0.1731036752462387, -0.164676234126091, -0.1562487930059433, -0.1478213518857956, -0.1393939107656479, -0.130966454744339, -0.12253902107477188, -0.11411157250404358, -0.10568413138389587, -0.09725669026374817, -0.08882924914360046, -0.08040180802345276, -0.07197435945272446, -0.06354691833257675, -0.05511947721242905, -0.04669203236699104, -0.03826458752155304, -0.029837146401405334, -0.02140970341861248, -0.012982260435819626, -0.0045548174530267715, 0.0038726255297660828, 0.012300066649913788, 0.02072751149535179, 0.029154956340789795, 0.0375823974609375, 0.046009838581085205, 0.05443728342652321, 0.06286472827196121, 0.07129216939210892, 0.07971961051225662, 0.08814705908298492, 0.09657450020313263, 0.10500194132328033, 0.11342938244342804, 0.12185682356357574, 0.13028426468372345, 0.13871172070503235, 0.14713916182518005, 0.15556660294532776, 0.16399404406547546, 0.17242148518562317, 0.18084892630577087, 0.18927636742591858, 0.19770380854606628, 0.206131249666214, 0.2145586907863617, 0.2229861468076706, 0.2314135879278183, 0.239841029047966, 0.2482684701681137, 0.2566959261894226, 0.2651233673095703, 0.273550808429718, 0.2819782495498657, 0.2904056906700134, 0.29883313179016113, 0.30726057291030884]}, "gradients/fc2.bias": {"_type": "histogram", "values": [1.0, 0.0, 0.0, 0.0, 0.0, 0.0, 0.0, 1.0, 0.0, 1.0, 0.0, 0.0, 0.0, 0.0, 0.0, 2.0, 1.0, 1.0, 1.0, 1.0, 0.0, 0.0, 2.0, 1.0, 2.0, 3.0, 3.0, 2.0, 3.0, 2.0, 3.0, 6.0, 5.0, 13.0, 3.0, 3.0, 2.0, 0.0, 2.0, 5.0, 1.0, 4.0, 1.0, 1.0, 0.0, 0.0, 1.0, 1.0, 2.0, 0.0, 0.0, 0.0, 0.0, 0.0, 0.0, 0.0, 0.0, 1.0, 0.0, 0.0, 1.0, 1.0, 0.0, 1.0], "bins": [-0.03839908912777901, -0.03726779296994209, -0.03613650053739548, -0.03500520437955856, -0.03387390822172165, -0.032742612063884735, -0.03161131590604782, -0.030480023473501205, -0.02934872731566429, -0.028217431157827377, -0.027086136862635612, -0.025954842567443848, -0.024823546409606934, -0.02369225025177002, -0.022560955956578255, -0.02142966166138649, -0.020298365503549576, -0.019167069345712662, -0.018035775050520897, -0.016904480755329132, -0.015773184597492218, -0.014641889370977879, -0.013510594144463539, -0.0123792989179492, -0.01124800369143486, -0.01011670846492052, -0.008985413238406181, -0.007854118011891842, -0.0067228227853775024, -0.005591527558863163, -0.0044602323323488235, -0.003328937105834484, -0.0021976418793201447, -0.0010663466528058052, 6.494857370853424e-05, 0.0011962438002228737, 0.002327539026737213, 0.0034588342532515526, 0.004590129479765892, 0.0057214247062802315, 0.006852719932794571, 0.00798401515930891, 0.00911531038582325, 0.01024660561233759, 0.011377900838851929, 0.012509196065366268, 0.013640491291880608, 0.014771786518394947, 0.015903081744909286, 0.0170343779027462, 0.018165672197937965, 0.01929696649312973, 0.020428262650966644, 0.02155955880880356, 0.022690853103995323, 0.023822147399187088, 0.024953443557024002, 0.026084739714860916, 0.02721603401005268, 0.028347328305244446, 0.02947862446308136, 0.030609920620918274, 0.03174121677875519, 0.032872509211301804, 0.03400380536913872]}, "gradients/fc2.weight": {"_type": "histogram", "values": [2.0, 0.0, 1.0, 1.0, 2.0, 4.0, 3.0, 0.0, 3.0, 3.0, 10.0, 8.0, 12.0, 14.0, 23.0, 14.0, 21.0, 23.0, 28.0, 35.0, 38.0, 58.0, 70.0, 111.0, 123.0, 185.0, 232.0, 271.0, 388.0, 516.0, 755.0, 1141.0, 3493.0, 641.0, 443.0, 330.0, 231.0, 168.0, 151.0, 96.0, 89.0, 65.0, 45.0, 44.0, 34.0, 18.0, 22.0, 19.0, 19.0, 17.0, 10.0, 8.0, 8.0, 12.0, 4.0, 3.0, 4.0, 2.0, 3.0, 1.0, 1.0, 2.0, 1.0, 1.0], "bins": [-0.09918635338544846, -0.0960967019200325, -0.09300705045461655, -0.08991739898920059, -0.08682775497436523, -0.08373810350894928, -0.08064845204353333, -0.07755880057811737, -0.07446914911270142, -0.07137949764728546, -0.0682898461818695, -0.06520019471645355, -0.062110546976327896, -0.05902089551091194, -0.055931247770786285, -0.05284159630537033, -0.049751944839954376, -0.04666229337453842, -0.04357264190912247, -0.04048299416899681, -0.037393342703580856, -0.0343036912381649, -0.031214041635394096, -0.02812439203262329, -0.025034740567207336, -0.021945089101791382, -0.018855439499020576, -0.01576578989624977, -0.012676138430833817, -0.009586487896740437, -0.006496837362647057, -0.0034071877598762512, -0.0003175288438796997, 0.0027721216902136803, 0.00586177222430706, 0.00895142275840044, 0.01204107329249382, 0.0151307238265872, 0.01822037436068058, 0.021310023963451385, 0.02439967542886734, 0.027489326894283295, 0.0305789764970541, 0.033668626099824905, 0.03675827756524086, 0.039847929030656815, 0.04293757677078247, 0.046027228236198425, 0.04911687970161438, 0.052206531167030334, 0.05529618263244629, 0.058385830372571945, 0.0614754818379879, 0.06456512957811356, 0.06765478104352951, 0.07074443250894547, 0.07383408397436142, 0.07692373543977737, 0.08001338690519333, 0.08310303837060928, 0.08619268238544464, 0.0892823338508606, 0.09237198531627655, 0.0954616367816925, 0.09855128824710846]}, "gradients/fc1.bias": {"_type": "histogram",