{"graph_0": {"_type": "graph-file", "path": "media/graph/graph_0_summary_467232c2.graph.json", "sha256": "467232c280aaf7bed8d9f19eb8b73c2f084deda332a4f87d3dbcbe84a0ef18a2", "size": 1082}, "Train Loss": 1.5922755487700537, "Val Loss": 1.60107484664917, "Train Acc": 43.32337246531483, "Val Acc": 42.8352, "_runtime": 223, "_timestamp": 1620757916, "_step": 14, "gradients/fc_out.bias": {"_type": "histogram", "values": [1.0, 0.0, 0.0, 0.0, 0.0, 0.0, 0.0, 0.0, 0.0, 0.0, 0.0, 0.0, 0.0, 0.0, 0.0, 1.0, 0.0, 1.0, 0.0, 0.0, 0.0, 0.0, 0.0, 2.0, 0.0, 0.0, 0.0, 0.0, 0.0, 0.0, 0.0, 0.0, 0.0, 0.0, 0.0, 0.0, 0.0, 0.0, 0.0, 0.0, 1.0, 0.0, 0.0, 1.0, 0.0, 1.0, 1.0, 0.0, 0.0, 0.0, 0.0, 0.0, 0.0, 0.0, 0.0, 0.0, 0.0, 0.0, 0.0, 0.0, 0.0, 0.0, 0.0, 1.0], "bins": [-0.08755134046077728, -0.08482791483402252, -0.08210448920726776, -0.0793810710310936, -0.07665764540433884, -0.07393421977758408, -0.07121080160140991, -0.06848737597465515, -0.06576395034790039, -0.06304052472114563, -0.06031710281968117, -0.057593680918216705, -0.054870255291461945, -0.052146829664707184, -0.04942340776324272, -0.04669998586177826, -0.0439765602350235, -0.04125313460826874, -0.038529712706804276, -0.03580629080533981, -0.03308286517858505, -0.03035944141447544, -0.02763601765036583, -0.024912593886256218, -0.022189170122146606, -0.019465746358036995, -0.016742322593927383, -0.014018898829817772, -0.01129547506570816, -0.008572051301598549, -0.005848627537488937, -0.003125203773379326, -0.0004017874598503113, 0.0023216363042593002, 0.005045060068368912, 0.007768483832478523, 0.010491907596588135, 0.013215331360697746, 0.015938755124807358, 0.01866217888891697, 0.02138560265302658, 0.024109026417136192, 0.026832450181245804, 0.029555873945355415, 0.03227929770946503, 0.03500272333621979, 0.03772614523768425, 0.04044956713914871, 0.04317299276590347, 0.045896418392658234, 0.048619840294122696, 0.05134326219558716, 0.05406668782234192, 0.05679011344909668, 0.05951353535056114, 0.062236957252025604, 0.06496038287878036, 0.06768380850553513, 0.07040722668170929, 0.07313065230846405, 0.07585407793521881, 0.07857750356197357, 0.08130092918872833, 0.0840243473649025, 0.08674777299165726]}, "gradients/fc_out.weight": {"_type": "histogram", "values": [2.0, 0.0, 3.0, 3.0, 5.0, 4.0, 3.0, 1.0, 2.0, 4.0, 0.0, 2.0, 3.0, 8.0, 6.0, 5.0, 4.0, 3.0, 3.0, 5.0, 10.0, 11.0, 27.0, 23.0, 29.0, 50.0, 40.0, 43.0, 62.0, 46.0, 69.0, 73.0, 67.0, 99.0, 78.0, 76.0, 59.0, 45.0, 36.0, 33.0, 31.0, 26.0, 27.0, 25.0, 20.0, 14.0, 18.0, 14.0, 7.0, 7.0, 4.0, 2.0, 3.0, 2.0, 1.0, 1.0, 1.0, 0.0, 2.0, 0.0, 1.0, 0.0, 1.0, 1.0], "bins": [-0.5829517841339111, -0.5651397705078125, -0.5473277568817139, -0.5295157432556152, -0.5117037296295166, -0.49389171600341797, -0.47607967257499695, -0.4582676589488983, -0.4404556453227997, -0.42264363169670105, -0.4048316180706024, -0.3870196044445038, -0.36920756101608276, -0.35139554738998413, -0.3335835337638855, -0.31577152013778687, -0.29795950651168823, -0.2801474928855896, -0.26233547925949097, -0.24452345073223114, -0.2267114371061325, -0.20889942348003387, -0.19108739495277405, -0.17327538132667542, -0.15546336770057678, -0.13765135407447815, -0.11983933299779892, -0.10202731192111969, -0.08421529829502106, -0.06640328466892242, -0.048591263592243195, -0.030779242515563965, -0.012967228889465332, 0.004844788461923599, 0.02265680581331253, 0.04046882316470146, 0.05828084051609039, 0.07609285414218903, 0.09390487521886826, 0.11171689629554749, 0.12952890992164612, 0.14734092354774475, 0.16515293717384338, 0.1829649657011032, 0.20077697932720184, 0.21858899295330048, 0.2364010214805603, 0.25421303510665894, 0.27202504873275757, 0.2898370623588562, 0.30764907598495483, 0.32546108961105347, 0.3432731032371521, 0.36108511686325073, 0.37889716029167175, 0.3967091739177704, 0.414521187543869, 0.43233320116996765, 0.4501452147960663, 0.4679572284221649, 0.48576927185058594, 0.5035812854766846, 0.5213932991027832, 0.5392053127288818, 0.5570173263549805]}, "gradients/conv_layers.1.bias": {"_type": "histogram", "values": [1.0, 0.0, 1.0, 0.0, 0.0, 0.0, 0.0, 0.0, 0.0, 0.0, 0.0, 0.0, 0.0, 0.0, 0.0, 0.0, 0.0, 0.0, 0.0, 0.0, 0.0, 0.0, 0.0, 0.0, 0.0, 0.0, 0.0, 0.0, 0.0, 0.0, 0.0, 0.0, 0.0, 0.0, 0.0, 0.0, 0.0, 0.0, 0.0, 0.0, 0.0, 0.0, 0.0, 0.0, 0.0, 0.0, 0.0, 1.0, 0.0, 0.0, 0.0, 0.0, 0.0, 0.0, 0.0, 0.0, 0.0, 0.0, 0.0, 0.0, 0.0, 1.0, 0.0, 1.0], "bins": [-0.1158962994813919, -0.1128140389919281, -0.1097317710518837, -0.10664951056241989, -0.10356724262237549, -0.10048498213291168, -0.09740272164344788, -0.09432045370340347, -0.09123818576335907, -0.08815592527389526, -0.08507365733385086, -0.08199139684438705, -0.07890912890434265, -0.07582686841487885, -0.07274460792541504, -0.06966233998537064, -0.06658007949590683, -0.06349781900644302, -0.06041555106639862, -0.057333290576934814, -0.05425102263689041, -0.051168762147426605, -0.0480864979326725, -0.045004233717918396, -0.04192197322845459, -0.038839709013700485, -0.03575744479894638, -0.032675184309482574, -0.02959291823208332, -0.026510654017329216, -0.02342839166522026, -0.020346127450466156, -0.017263859510421753, -0.014181595295667648, -0.011099332012236118, -0.008017068728804588, -0.004934804514050484, -0.001852540299296379, 0.0012297220528125763, 0.004311986267566681, 0.007394254207611084, 0.010476518422365189, 0.013558781705796719, 0.01664104498922825, 0.019723309203982353, 0.022805573418736458, 0.025887835770845413, 0.028970099985599518, 0.032052360475063324, 0.03513462468981743, 0.03821688890457153, 0.04129914939403534, 0.04438141733407974, 0.04746367782354355, 0.05054594203829765, 0.05362820625305176, 0.05671047046780586, 0.05979273468255997, 0.06287499517202377, 0.06595726311206818, 0.06903952360153198, 0.07212179154157639, 0.07520405203104019, 0.0782863199710846, 0.0813685804605484]}, "gradients/conv_layers.1.weight": {"_type": "histogram", "values": [1.0, 0.0, 0.0, 0.0, 0.0, 2.0, 0.0, 0.0, 0.0, 1.0, 2.0, 1.0, 0.0, 0.0, 3.0, 1.0, 1.0, 2.0, 3.0, 3.0, 2.0, 1.0, 1.0, 1.0, 0.0, 0.0, 0.0, 1.0, 0.0, 2.0, 3.0, 1.0, 3.0, 3.0, 7.0, 9.0, 14.0, 17.0, 12.0, 18.0, 26.0, 22.0, 59.0, 76.0, 92.0, 54.0, 15.0, 24.0, 20.0, 23.0, 20.0, 10.0, 10.0, 14.0, 8.0, 9.0, 3.0, 3.0, 6.0, 4.0, 2.0, 4.0, 4.0, 2.0], "bins": [-0.5983884930610657, -0.5847059488296509, -0.5710234045982361, -0.5573408603668213, -0.5436583161354065, -0.5299757719039917, -0.5162932276725769, -0.5026106834411621, -0.4889281690120697, -0.4752456247806549, -0.4615630805492401, -0.4478805363178253, -0.4341980218887329, -0.4205154776573181, -0.4068329334259033, -0.3931503891944885, -0.37946784496307373, -0.36578530073165894, -0.35210275650024414, -0.33842021226882935, -0.32473766803741455, -0.31105512380599976, -0.29737260937690735, -0.28369006514549255, -0.27000752091407776, -0.25632497668266296, -0.24264243245124817, -0.22895990312099457, -0.21527735888957977, -0.20159481465816498, -0.18791228532791138, -0.17422974109649658, -0.16054722666740417, -0.14686468243598938, -0.13318213820457458, -0.11949960887432098, -0.10581706464290619, -0.0921345204114914, -0.0784519836306572, -0.064769446849823, -0.0510869026184082, -0.03740436211228371, -0.02372182160615921, -0.010039281100034714, 0.0036432594060897827, 0.017325803637504578, 0.031008340418338776, 0.044690877199172974, 0.05837342143058777, 0.07205596566200256, 0.08573850244283676, 0.09942103922367096, 0.11310358345508575, 0.12678612768650055, 0.14046865701675415, 0.15415120124816895, 0.16783374547958374, 0.18151628971099854, 0.19519883394241333, 0.20888136327266693, 0.22256390750408173, 0.23624645173549652, 0.24992898106575012, 0.2636115252971649, 0.2772940695285797]}, "gradients/conv_layers.0.bias": {"_type": "histogram", "values": [1.0, 0.0, 0.0, 0.0, 0.0, 0.0, 0.0, 0.0, 0.0, 0.0, 0.0, 0.0, 1.0, 0.0, 0.0, 0.0, 0.0, 0.0, 0.0, 1.0, 0.0, 1.0, 0.0, 0.0, 0.0, 0.0, 0.0, 0.0, 0.0, 0.0, 0.0, 0.0, 0.0, 0.0, 0.0, 0.0, 0.0, 0.0, 0.0, 0.0, 0.0, 0.0, 0.0, 0.0, 0.0, 0.0, 0.0, 0.0, 0.0, 0.0, 0.0, 0.0, 0.0, 0.0, 0.0, 0.0, 0.0, 0.0, 0.0, 0.0, 0.0, 0.0, 0.0, 1.0],