{"graph_0": {"_type": "graph-file", "path": "media/graph/graph_0_summary_83836470.graph.json", "sha256": "83836470d9f5879b27151cb43c396946d9373089e1621b75658a3ca7fb77fc6a", "size": 1130}, "Train Loss": 1.758818667497299, "Val Loss": 1.8253641456604004, "Train Acc": 40.92742796157951, "Val Acc": 38.2768, "_runtime": 90, "_timestamp": 1620688681, "_step": 4, "gradients/linear_layers.3.bias": {"_type": "histogram", "values": [1.0, 0.0, 0.0, 0.0, 0.0, 0.0, 0.0, 0.0, 1.0, 0.0, 0.0, 0.0, 0.0, 0.0, 0.0, 0.0, 0.0, 0.0, 0.0, 0.0, 0.0, 0.0, 1.0, 0.0, 0.0, 0.0, 0.0, 0.0, 0.0, 0.0, 0.0, 0.0, 0.0, 0.0, 0.0, 0.0, 0.0, 1.0, 3.0, 0.0, 0.0, 0.0, 0.0, 0.0, 0.0, 0.0, 0.0, 0.0, 0.0, 0.0, 0.0, 0.0, 0.0, 0.0, 0.0, 0.0, 1.0, 1.0, 0.0, 0.0, 0.0, 0.0, 0.0, 1.0], "bins": [-0.09424985200166702, -0.09178417921066284, -0.08931850641965866, -0.08685284107923508, -0.0843871682882309, -0.08192149549722672, -0.07945582270622253, -0.07699014991521835, -0.07452447712421417, -0.07205880433320999, -0.06959313154220581, -0.06712746620178223, -0.06466179341077805, -0.062196120619773865, -0.059730447828769684, -0.0572647750377655, -0.05479910969734192, -0.05233343690633774, -0.049867767840623856, -0.047402095049619675, -0.04493642598390579, -0.04247075319290161, -0.04000508040189743, -0.03753940761089325, -0.03507373854517937, -0.032608065754175186, -0.030142396688461304, -0.027676723897457123, -0.02521105296909809, -0.02274538204073906, -0.02027970924973488, -0.017814038321375847, -0.015348374843597412, -0.01288270391523838, -0.010417032055556774, -0.007951360195875168, -0.005485689267516136, -0.0030200183391571045, -0.0005543464794754982, 0.001911325380206108, 0.00437699630856514, 0.006842667702585459, 0.009308339096605778, 0.011774010956287384, 0.014239681884646416, 0.016705352813005447, 0.01917102560400963, 0.02163669653236866, 0.02410236746072769, 0.026568038389086723, 0.029033709317445755, 0.031499382108449936, 0.03396505117416382, 0.036430723965168, 0.03889639675617218, 0.04136206954717636, 0.043827738612890244, 0.046293411403894424, 0.04875908046960831, 0.05122475326061249, 0.05369042605161667, 0.05615609511733055, 0.05862176790833473, 0.061087436974048615, 0.0635531097650528]}, "gradients/linear_layers.3.weight": {"_type": "histogram", "values": [1.0, 0.0, 0.0, 0.0, 3.0, 1.0, 2.0, 0.0, 2.0, 5.0, 2.0, 4.0, 3.0, 3.0, 3.0, 8.0, 10.0, 8.0, 4.0, 12.0, 12.0, 10.0, 12.0, 10.0, 18.0, 19.0, 14.0, 20.0, 17.0, 25.0, 22.0, 20.0, 27.0, 23.0, 30.0, 497.0, 53.0, 40.0, 27.0, 30.0, 30.0, 27.0, 32.0, 28.0, 21.0, 20.0, 23.0, 15.0, 19.0, 14.0, 11.0, 11.0, 5.0, 6.0, 4.0, 4.0, 2.0, 3.0, 2.0, 1.0, 2.0, 2.0, 0.0, 1.0], "bins": [-0.18730461597442627, -0.1820547878742218, -0.17680494487285614, -0.17155511677265167, -0.166305273771286, -0.16105544567108154, -0.15580560266971588, -0.1505557745695114, -0.14530593156814575, -0.14005610346794128, -0.13480626046657562, -0.12955643236637115, -0.1243065893650055, -0.11905675381422043, -0.11380691826343536, -0.1085570901632309, -0.10330725461244583, -0.09805741906166077, -0.0928075835108757, -0.08755774796009064, -0.08230791240930557, -0.07705807685852051, -0.07180824875831604, -0.06655840575695038, -0.06130857765674591, -0.056058742105960846, -0.05080890655517578, -0.04555907100439072, -0.04030923545360565, -0.03505939990282059, -0.02980956807732582, -0.024559732526540756, -0.019309893250465393, -0.014060057699680328, -0.008810223080217838, -0.003560388460755348, 0.0016894470900297165, 0.006939282640814781, 0.012189116328954697, 0.01743895187973976, 0.022688791155815125, 0.02793862670660019, 0.033188462257385254, 0.03843829780817032, 0.04368813335895538, 0.04893796890974045, 0.054187800735235214, 0.05943763628602028, 0.06468746811151505, 0.06993730366230011, 0.07518713921308517, 0.08043697476387024, 0.0856868103146553, 0.09093664586544037, 0.09618647396564484, 0.1014363169670105, 0.10668614506721497, 0.11193598061800003, 0.1171858161687851, 0.12243565171957016, 0.12768548727035522, 0.1329353153705597, 0.13818515837192535, 0.14343498647212982, 0.14868482947349548]}, "gradients/linear_layers.2.bias": {"_type": "histogram", "values": [4.0, 0.0, 1.0, 0.0, 1.0, 0.0, 0.0, 1.0, 1.0, 0.0, 1.0, 3.0, 0.0, 1.0, 2.0, 4.0, 4.0, 2.0, 3.0, 2.0, 3.0, 3.0, 2.0, 4.0, 1.0, 4.0, 2.0, 8.0, 4.0, 6.0, 7.0, 6.0, 3.0, 1.0, 6.0, 3.0, 6.0, 3.0, 2.0, 2.0, 6.0, 1.0, 1.0, 1.0, 2.0, 2.0, 2.0, 1.0, 0.0, 0.0, 0.0, 1.0, 0.0, 1.0, 0.0, 1.0, 0.0, 0.0, 1.0, 1.0, 0.0, 0.0, 0.0, 1.0], "bins": [-0.020237291231751442, -0.019545473158359528, -0.018853653222322464, -0.01816183514893055, -0.017470015212893486, -0.01677819713950157, -0.016086377203464508, -0.015394559130072594, -0.014702740125358105, -0.014010921120643616, -0.013319102115929127, -0.012627283111214638, -0.011935465037822723, -0.01124364510178566, -0.010551827028393745, -0.009860008023679256, -0.009168189018964767, -0.008476370014250278, -0.0077845510095357895, -0.007092732470482588, -0.006400913465768099, -0.00570909446105361, -0.005017275922000408, -0.004325456917285919, -0.003633638843894005, -0.002941819839179516, -0.0022500010672956705, -0.0015581822954118252, -0.0008663632906973362, -0.00017454428598284721, 0.0005172742530703545, 0.0012090932577848434, 0.0019009113311767578, 0.002592730335891247, 0.003284549107775092, 0.0039763678796589375, 0.0046681868843734264, 0.005360005889087915, 0.006051824428141117, 0.006743643432855606, 0.00743546336889267, 0.008127282373607159, 0.008819101378321648, 0.009510919451713562, 0.010202739387750626, 0.01089455746114254, 0.011586376465857029, 0.012278195470571518, 0.012970013543963432, 0.013661832548677921, 0.01435365155339241, 0.015045469626784325, 0.015737289562821388, 0.016429107636213303, 0.017120927572250366, 0.01781274564564228, 0.018504563719034195, 0.01919638179242611, 0.019888201728463173, 0.020580019801855087, 0.02127183973789215, 0.021963657811284065, 0.02265547588467598, 0.023347295820713043, 0.024039115756750107]}, "gradients/linear_layers.2.weight": {"_type": "histogram", "values": [1.0, 1.0, 1.0, 1.0, 1.0, 4.0, 5.0, 6.0, 4.0, 8.0, 9.0, 13.0, 17.0, 32.0, 37.0, 52.0, 69.0, 98.0, 119.0, 151.0, 186.0, 258.0, 331.0, 438.0, 551.0, 752.0, 927.0, 1289.0, 1785.0, 2974.0, 1599.0, 1206.0, 884.0, 717.0, 490.0, 362.0, 263.0, 178.0, 136.0, 103.0, 73.0, 53.0, 45.0, 33.0, 33.0, 21.0, 14.0, 10.0, 7.0, 7.0, 6.0, 9.0, 2.0, 4.0, 2.0, 0.0, 2.0, 0.0, 1.0, 2.0, 1.0, 0.0, 0.0, 1.0], "bins": [-0.055408064275979996, -0.05351162701845169, -0.051615193486213684, -0.04971875622868538, -0.047822318971157074, -0.04592588543891907, -0.04402944818139076, -0.04213301092386246, -0.04023657739162445, -0.038340140134096146, -0.03644370660185814, -0.034547269344329834, -0.03265083208680153, -0.030754396691918373, -0.028857961297035217, -0.026961524039506912, -0.025065086781978607, -0.02316865138709545, -0.021272214129567146, -0.01937577873468399, -0.017479341477155685, -0.01558290608227253, -0.013686470687389374, -0.011790034361183643, -0.009893599897623062, -0.007997163571417332, -0.0061007277108728886, -0.0042042918503284454, -0.002307855524122715, -0.00041141919791698456, 0.0014850161969661713, 0.0033814525231719017, 0.00527789443731308, 0.00717433076351881, 0.00907076708972454, 0.010967202484607697, 0.012863638810813427, 0.014760075137019157, 0.016656510531902313, 0.01855294778943062, 0.020449385046958923, 0.02234582044184208, 0.024242257699370384, 0.02613869309425354, 0.028035130351781845, 0.029931565746665, 0.03182800114154816, 0.03372443839907646, 0.03562087193131447, 0.03751730918884277, 0.03941374272108078, 0.041310179978609085, 0.04320661723613739, 0.0451030507683754, 0.0469994880259037, 0.04889592528343201, 0.05079235881567001, 0.05268879607319832, 0.054585229605436325, 0.05648166686296463, 0.058378104120492935, 0.06027454137802124, 0.06217097491025925, 0.06406740844249725, 0.06596384942531586]}, "gradients/linear_layers.1.bias": {"_type": "histogram",