{"graph_0": {"_type": "graph-file", "path": "media/graph/graph_0_summary_6a889fc6.graph.json", "sha256": "6a889fc6ee365345499f24beced3093649f261957bfa343a5c050c2d38e844aa", "size": 1079}, "Train Loss": 1.8057100795758063, "Val Loss": 1.8047374858856202, "Train Acc": 38.46851654215582, "Val Acc": 38.1616, "_runtime": 229, "_timestamp": 1620695651, "_step": 14, "gradients/fc_out.bias": {"_type": "histogram", "values": [1.0, 0.0, 0.0, 0.0, 0.0, 0.0, 0.0, 0.0, 0.0, 0.0, 0.0, 1.0, 0.0, 0.0, 0.0, 1.0, 0.0, 0.0, 0.0, 0.0, 0.0, 0.0, 0.0, 0.0, 0.0, 1.0, 0.0, 1.0, 0.0, 0.0, 0.0, 1.0, 0.0, 1.0, 1.0, 0.0, 0.0, 0.0, 1.0, 0.0, 0.0, 0.0, 0.0, 0.0, 0.0, 0.0, 0.0, 0.0, 0.0, 0.0, 0.0, 0.0, 0.0, 0.0, 0.0, 0.0, 0.0, 0.0, 0.0, 0.0, 0.0, 0.0, 0.0, 1.0], "bins": [-0.07629267871379852, -0.07349000871181488, -0.07068733870983124, -0.0678846687078476, -0.06508199870586395, -0.06227932497859001, -0.05947665125131607, -0.05667398124933243, -0.053871311247348785, -0.05106864124536514, -0.0482659712433815, -0.04546329751610756, -0.04266062751412392, -0.039857957512140274, -0.03705528378486633, -0.03425261378288269, -0.03144994378089905, -0.028647273778915405, -0.025844601914286613, -0.02304193004965782, -0.02023926004767418, -0.017436590045690536, -0.014633918181061745, -0.011831246316432953, -0.00902857631444931, -0.006225905381143093, -0.003423234447836876, -0.0006205635145306587, 0.0021821074187755585, 0.004984778352081776, 0.007787449285387993, 0.010590121150016785, 0.013392791152000427, 0.01619546115398407, 0.01899813301861286, 0.021800804883241653, 0.024603474885225296, 0.02740614488720894, 0.03020881675183773, 0.03301148861646652, 0.035814158618450165, 0.03861682862043381, 0.04141949862241745, 0.04422217234969139, 0.047024842351675034, 0.049827512353658676, 0.05263018608093262, 0.05543285608291626, 0.0582355260848999, 0.061038196086883545, 0.06384086608886719, 0.06664353609085083, 0.06944620609283447, 0.07224888354539871, 0.07505155354738235, 0.077854223549366, 0.08065689355134964, 0.08345956355333328, 0.08626223355531693, 0.08906490355730057, 0.09186758100986481, 0.09467025101184845, 0.09747292101383209, 0.10027559101581573, 0.10307826101779938]}, "gradients/fc_out.weight": {"_type": "histogram", "values": [1.0, 1.0, 1.0, 1.0, 3.0, 0.0, 5.0, 2.0, 1.0, 1.0, 2.0, 1.0, 11.0, 5.0, 7.0, 3.0, 8.0, 7.0, 8.0, 6.0, 9.0, 6.0, 17.0, 11.0, 11.0, 12.0, 17.0, 24.0, 35.0, 39.0, 38.0, 116.0, 37.0, 52.0, 30.0, 23.0, 18.0, 28.0, 25.0, 19.0, 12.0, 14.0, 12.0, 11.0, 3.0, 3.0, 2.0, 6.0, 2.0, 3.0, 1.0, 0.0, 4.0, 6.0, 3.0, 4.0, 4.0, 5.0, 1.0, 6.0, 2.0, 2.0, 0.0, 3.0], "bins": [-0.34580644965171814, -0.3347511291503906, -0.3236957788467407, -0.3126404583454132, -0.3015851378440857, -0.2905297875404358, -0.2794744670391083, -0.26841914653778076, -0.25736379623413086, -0.24630846083164215, -0.23525312542915344, -0.22419780492782593, -0.21314246952533722, -0.2020871341228485, -0.191031813621521, -0.1799764782190323, -0.16892114281654358, -0.15786580741405487, -0.14681047201156616, -0.13575515151023865, -0.12469981610774994, -0.11364448070526123, -0.10258915275335312, -0.09153382480144501, -0.0804784893989563, -0.06942315399646759, -0.05836782604455948, -0.04731249436736107, -0.03625716269016266, -0.02520183101296425, -0.014146499335765839, -0.003091171383857727, 0.007964164018630981, 0.01901949569582939, 0.0300748273730278, 0.04113015905022621, 0.05218549072742462, 0.06324082612991333, 0.07429615408182144, 0.08535148203372955, 0.09640681743621826, 0.10746215283870697, 0.11851748079061508, 0.1295728087425232, 0.1406281441450119, 0.1516834795475006, 0.16273880004882812, 0.17379413545131683, 0.18484947085380554, 0.19590480625629425, 0.20696014165878296, 0.21801546216011047, 0.22907079756259918, 0.2401261329650879, 0.2511814534664154, 0.2622367739677429, 0.2732921242713928, 0.28434744477272034, 0.29540279507637024, 0.30645811557769775, 0.31751346588134766, 0.32856878638267517, 0.3396241068840027, 0.3506794571876526, 0.3617347776889801]}, "gradients/conv_layers.1.bias": {"_type": "histogram", "values": [1.0, 0.0, 0.0, 0.0, 0.0, 0.0, 0.0, 0.0, 0.0, 0.0, 0.0, 0.0, 0.0, 0.0, 0.0, 0.0, 0.0, 0.0, 0.0, 0.0, 0.0, 0.0, 0.0, 0.0, 0.0, 1.0, 0.0, 0.0, 0.0, 0.0, 0.0, 0.0, 0.0, 0.0, 0.0, 0.0, 0.0, 0.0, 0.0, 0.0, 0.0, 0.0, 0.0, 0.0, 0.0, 0.0, 0.0, 0.0, 0.0, 0.0, 0.0, 0.0, 0.0, 0.0, 0.0, 0.0, 0.0, 0.0, 0.0, 0.0, 0.0, 0.0, 0.0, 1.0], "bins": [-0.004353273659944534, -0.003496085060760379, -0.0026388964615762234, -0.0017817076295614243, -0.0009245190303772688, -6.733043119311333e-05, 0.0007898584008216858, 0.0016470467671751976, 0.0025042355991899967, 0.003361424198374152, 0.004218612797558308, 0.005075801629573107, 0.005932990461587906, 0.006790178827941418, 0.007647367659956217, 0.008504556491971016, 0.009361744858324528, 0.01021893322467804, 0.011076122522354126, 0.011933310888707638, 0.01279049925506115, 0.013647688552737236, 0.014504876919090748, 0.01536206528544426, 0.016219254583120346, 0.017076443880796432, 0.01793363131582737, 0.018790820613503456, 0.019648009911179543, 0.02050519734621048, 0.021362386643886566, 0.022219575941562653, 0.02307676337659359, 0.023933952674269676, 0.024791140109300613, 0.0256483294069767, 0.026505518704652786, 0.027362706139683723, 0.02821989543735981, 0.029077082872390747, 0.029934272170066833, 0.03079146146774292, 0.031648650765419006, 0.03250584006309509, 0.03336302563548088, 0.03422021493315697, 0.035077404230833054, 0.03593459352850914, 0.036791782826185226, 0.03764897212386131, 0.0385061614215374, 0.03936334699392319, 0.040220536291599274, 0.04107772558927536, 0.04193491488695145, 0.04279210418462753, 0.04364928975701332, 0.04450647905468941, 0.045363668352365494, 0.04622085392475128, 0.04707804322242737, 0.047935232520103455, 0.04879242181777954, 0.04964961111545563, 0.050506800413131714]}, "gradients/conv_layers.1.weight": {"_type": "histogram", "values": [1.0, 0.0, 0.0, 0.0, 0.0, 0.0, 0.0, 0.0, 1.0, 1.0, 2.0, 0.0, 0.0, 1.0, 0.0, 0.0, 0.0, 1.0, 4.0, 5.0, 7.0, 5.0, 7.0, 6.0, 8.0, 8.0, 18.0, 18.0, 13.0, 17.0, 10.0, 11.0, 3.0, 7.0, 5.0, 9.0, 7.0, 6.0, 6.0, 7.0, 3.0, 3.0, 6.0, 7.0, 3.0, 0.0, 0.0, 0.0, 1.0, 0.0, 2.0, 1.0, 0.0, 0.0, 0.0, 2.0, 0.0, 0.0, 0.0, 2.0, 0.0, 0.0, 0.0, 1.0], "bins": [-0.15050610899925232, -0.1450004130601883, -0.13949471712112427, -0.13398900628089905, -0.12848331034183502, -0.122977614402771, -0.11747191101312637, -0.11196620762348175, -0.10646051168441772, -0.1009548157453537, -0.09544911235570908, -0.08994340896606445, -0.08443771302700043, -0.0789320170879364, -0.07342631369829178, -0.06792061030864716, -0.06241491436958313, -0.056909214705228806, -0.05140351504087448, -0.04589781537652016, -0.04039211571216583, -0.03488641604781151, -0.029380716383457184, -0.02387501671910286, -0.018369317054748535, -0.01286361739039421, -0.0073579177260398865, -0.0018522180616855621, 0.003653481602668762, 0.009159181267023087, 0.014664880931377411, 0.020170580595731735, 0.025676265358924866, 0.03118196502327919, 0.036687664687633514, 0.04219336435198784, 0.04769906401634216, 0.05320476368069649, 0.05871046334505081, 0.06421616673469543, 0.06972186267375946, 0.07522755861282349, 0.08073326200246811, 0.08623896539211273, 0.09174466133117676, 0.09725035727024078, 0.1027560606598854, 0.10826176404953003, 0.11376745998859406, 0.11927315592765808, 0.1247788593173027, 0.13028456270694733, 0.13579025864601135, 0.14129595458507538, 0.1468016505241394, 0.15230736136436462, 0.15781305730342865, 0.16331875324249268, 0.1688244640827179, 0.17433016002178192, 0.17983585596084595, 0.18534155189990997, 0.190847247838974, 0.19635295867919922, 0.20185865461826324]}, "gradients/conv_layers.0.bias": {"_type": "histogram", "values": [1.0, 0.0, 0.0, 0.0, 0.0, 0.0, 0.0, 0.0, 0.0, 0.0, 0.0, 0.0, 0.0, 0.0, 0.0, 0.0, 0.0, 0.0, 0.0, 0.0, 0.0, 0.0, 0.0, 0.0, 0.0, 0.0, 0.0, 0.0, 0.0, 0.0, 0.0, 0.0, 0.0, 0.0, 0.0, 0.0, 0.0, 0.0, 0.0, 0.0, 0.0, 0.0, 0.0, 0.0, 0.0, 0.0, 0.0, 0.0, 0.0, 0.0, 0.0, 0.0, 0.0, 0.0, 0.0, 0.0, 1.0, 0.0, 0.0, 0.0, 0.0, 0.0, 0.0, 1.0],