{"graph_0": {"_type": "graph-file", "path": "media/graph/graph_0_summary_12253afc.graph.json", "sha256": "12253afc940b94ac7a6f9db831365bbdd3f0c09fb428196076dde866d3256e36", "size": 1701}, "Train Loss": 0.37450437120392793, "Val Loss": 0.9327639581110233, "Train Acc": 86.75854700854701, "Val Acc": 72.64102564102564, "_runtime": 215, "_timestamp": 1620945784, "_step": 14, "gradients/fc_out.bias": {"_type": "histogram", "values": [1.0, 0.0, 0.0, 0.0, 0.0, 1.0, 0.0, 0.0, 0.0, 0.0, 0.0, 0.0, 0.0, 0.0, 0.0, 0.0, 1.0, 0.0, 1.0, 0.0, 0.0, 0.0, 0.0, 1.0, 0.0, 0.0, 0.0, 0.0, 0.0, 0.0, 0.0, 0.0, 0.0, 0.0, 0.0, 0.0, 0.0, 0.0, 1.0, 1.0, 0.0, 0.0, 0.0, 0.0, 1.0, 0.0, 1.0, 0.0, 0.0, 0.0, 0.0, 0.0, 0.0, 0.0, 0.0, 0.0, 0.0, 0.0, 0.0, 0.0, 0.0, 0.0, 0.0, 1.0], "bins": [-0.043291348963975906, -0.04183344542980194, -0.04037553817033768, -0.03891763463616371, -0.037459731101989746, -0.03600182756781578, -0.034543924033641815, -0.03308601677417755, -0.031628113240003586, -0.03017020970582962, -0.028712304309010506, -0.02725439891219139, -0.025796495378017426, -0.02433859184384346, -0.022880686447024345, -0.02142278105020523, -0.019964877516031265, -0.0185069739818573, -0.017049068585038185, -0.015591164119541645, -0.014133259654045105, -0.012675355188548565, -0.011217450723052025, -0.009759546257555485, -0.008301641792058945, -0.006843737326562405, -0.0053858328610658646, -0.0039279283955693245, -0.0024700239300727844, -0.0010121194645762444, 0.0004457850009202957, 0.0019036894664168358, 0.0033615976572036743, 0.004819502122700214, 0.0062774065881967545, 0.0077353110536932945, 0.009193215519189835, 0.010651119984686375, 0.012109024450182915, 0.013566928915679455, 0.015024833381175995, 0.01648273691534996, 0.017940642312169075, 0.01939854770898819, 0.020856451243162155, 0.02231435477733612, 0.023772260174155235, 0.02523016557097435, 0.026688069105148315, 0.02814597263932228, 0.029603878036141396, 0.03106178343296051, 0.032519686967134476, 0.03397759050130844, 0.035435497760772705, 0.03689340129494667, 0.038351304829120636, 0.0398092083632946, 0.04126711189746857, 0.04272501915693283, 0.044182922691106796, 0.04564082622528076, 0.047098733484745026, 0.04855663701891899, 0.05001454055309296]}, "gradients/fc_out.weight": {"_type": "histogram", "values": [3.0, 2.0, 1.0, 0.0, 2.0, 0.0, 4.0, 2.0, 4.0, 5.0, 7.0, 5.0, 14.0, 13.0, 21.0, 24.0, 28.0, 33.0, 26.0, 63.0, 60.0, 72.0, 100.0, 144.0, 182.0, 188.0, 340.0, 388.0, 576.0, 805.0, 1150.0, 1670.0, 3123.0, 104520.0, 7641.0, 2817.0, 1505.0, 899.0, 504.0, 329.0, 204.0, 144.0, 81.0, 74.0, 55.0, 36.0, 33.0, 24.0, 16.0, 16.0, 11.0, 9.0, 8.0, 6.0, 4.0, 2.0, 3.0, 1.0, 1.0, 1.0, 0.0, 0.0, 0.0, 1.0], "bins": [-0.07572882622480392, -0.07347256690263748, -0.07121631503105164, -0.06896005570888519, -0.06670379638671875, -0.0644475445151329, -0.06219128519296646, -0.05993502959609032, -0.05767877399921417, -0.05542251840233803, -0.053166262805461884, -0.05091000348329544, -0.048653747886419296, -0.04639749228954315, -0.04414123296737671, -0.041884977370500565, -0.03962872177362442, -0.037372466176748276, -0.03511621057987213, -0.03285995125770569, -0.030603695660829544, -0.0283474400639534, -0.026091182604432106, -0.023834925144910812, -0.021578669548034668, -0.019322413951158524, -0.01706615649163723, -0.014809899963438511, -0.012553643435239792, -0.010297386907041073, -0.008041130378842354, -0.00578487291932106, -0.0035286247730255127, -0.0012723682448267937, 0.0009838882833719254, 0.0032401448115706444, 0.005496401339769363, 0.007752657867968082, 0.010008914396166801, 0.012265171855688095, 0.01452142745256424, 0.016777683049440384, 0.019033940508961678, 0.02129019796848297, 0.023546453565359116, 0.02580270916223526, 0.028058966621756554, 0.030315224081277847, 0.03257147967815399, 0.034827735275030136, 0.03708399087190628, 0.03934025019407272, 0.04159650579094887, 0.04385276138782501, 0.046109020709991455, 0.0483652763068676, 0.050621531903743744, 0.05287778750061989, 0.05513404309749603, 0.057390302419662476, 0.05964655801653862, 0.061902813613414764, 0.06415907293558121, 0.06641532480716705, 0.0686715841293335]}, "gradients/conv_layer.5.bias": {"_type": "histogram", "values": [1.0, 0.0, 0.0, 0.0, 0.0, 0.0, 1.0, 2.0, 1.0, 1.0, 0.0, 0.0, 1.0, 0.0, 1.0, 0.0, 2.0, 2.0, 1.0, 2.0, 1.0, 5.0, 3.0, 2.0, 4.0, 3.0, 5.0, 5.0, 5.0, 8.0, 25.0, 6.0, 2.0, 1.0, 3.0, 1.0, 3.0, 1.0, 2.0, 3.0, 1.0, 2.0, 1.0, 1.0, 4.0, 1.0, 0.0, 3.0, 2.0, 3.0, 0.0, 1.0, 0.0, 1.0, 0.0, 0.0, 1.0, 1.0, 0.0, 1.0, 1.0, 0.0, 0.0, 1.0], "bins": [-0.10311931371688843, -0.09973739832639694, -0.09635549038648605, -0.09297357499599457, -0.08959166705608368, -0.0862097516655922, -0.08282783627510071, -0.07944592833518982, -0.07606401294469833, -0.07268209755420685, -0.06930018961429596, -0.06591827422380447, -0.06253636628389359, -0.0591544508934021, -0.05577253922820091, -0.052390627562999725, -0.04900871589779854, -0.04562680423259735, -0.042244892567396164, -0.03886298090219498, -0.03548106551170349, -0.032099153846502304, -0.028717242181301117, -0.02533532865345478, -0.021953418850898743, -0.018571507185697556, -0.01518959365785122, -0.011807681992650032, -0.00842576939612627, -0.0050438567996025085, -0.0016619451344013214, 0.001719968393445015, 0.005101881921291351, 0.008483794517815113, 0.011865707114338875, 0.015247618779540062, 0.0186295323073864, 0.022011443972587585, 0.025393355637788773, 0.02877526916563511, 0.032157182693481445, 0.03553909435868263, 0.03892100602388382, 0.042302921414375305, 0.04568483307957649, 0.04906674474477768, 0.05244865640997887, 0.055830568075180054, 0.05921247974038124, 0.06259439140558243, 0.06597630679607391, 0.0693582147359848, 0.07274013012647629, 0.07612204551696777, 0.07950395345687866, 0.08288586884737015, 0.08626777678728104, 0.08964969217777252, 0.09303160011768341, 0.0964135155081749, 0.09979542344808578, 0.10317733883857727, 0.10655924677848816, 0.10994116216897964, 0.11332307755947113]}, "gradients/conv_layer.5.weight": {"_type": "histogram", "values": [1.0, 0.0, 0.0, 1.0, 2.0, 1.0, 2.0, 2.0, 6.0, 4.0, 8.0, 9.0, 18.0, 27.0, 35.0, 37.0, 66.0, 85.0, 126.0, 165.0, 234.0, 383.0, 503.0, 808.0, 1192.0, 1899.0, 3196.0, 5592.0, 11018.0, 84532.0, 7881.0, 4288.0, 2754.0, 1787.0, 1244.0, 827.0, 629.0, 436.0, 310.0, 230.0, 179.0, 147.0, 96.0, 67.0, 60.0, 51.0, 43.0, 19.0, 15.0, 14.0, 9.0, 11.0, 4.0, 6.0, 3.0, 3.0, 1.0, 1.0, 1.0, 1.0, 1.0, 1.0, 0.0, 1.0], "bins": [-0.05784887075424194, -0.055879347026348114, -0.053909819573163986, -0.05194029584527016, -0.04997076839208603, -0.0480012446641922, -0.04603172093629837, -0.04406219720840454, -0.04209266975522041, -0.040123146027326584, -0.038153618574142456, -0.03618409484624863, -0.0342145711183548, -0.03224504366517067, -0.03027551993727684, -0.02830599434673786, -0.026336468756198883, -0.024366943165659904, -0.022397417575120926, -0.020427893847227097, -0.018458368256688118, -0.01648884266614914, -0.014519318006932735, -0.012549793347716331, -0.010580267757177353, -0.008610742166638374, -0.00664121750742197, -0.004671692382544279, -0.002702167257666588, -0.0007326416671276093, 0.0012368829920887947, 0.0032064076513051987, 0.00517592579126358, 0.007145450916141272, 0.009114976041018963, 0.011084500700235367, 0.013054026290774345, 0.015023551881313324, 0.016993075609207153, 0.018962601199746132, 0.02093212679028511, 0.02290165238082409, 0.024871177971363068, 0.026840701699256897, 0.028810227289795876, 0.030779752880334854, 0.032749276608228683, 0.03471880406141281, 0.03668832778930664, 0.03865785151720047, 0.0406273789703846, 0.04259690269827843, 0.044566430151462555, 0.046535953879356384, 0.048505477607250214, 0.05047500133514404, 0.05244452878832817, 0.054414052516222, 0.05638357996940613, 0.05835310369729996, 0.06032262742519379, 0.062292154878377914, 0.06426168233156204, 0.06623120605945587, 0.0682007297873497]}, "gradients/conv_layer.2.bias": {"_type": "histogram",