{"graph_0": {"_type": "graph-file", "path": "media/graph/graph_0_summary_dc3f1e72.graph.json", "sha256": "dc3f1e72ec55a99d3fbf2eafea566b02daf44e6e0b287845dd6e9dc8cd9c9296", "size": 645}, "Train Loss": 1.3048847121133875, "Val Loss": 1.489824544239044, "Train Acc": 55.36712913553895, "Val Acc": 48.6144, "_runtime": 210, "_timestamp": 1620692576, "_step": 14, "gradients/linear_layers.1.bias": {"_type": "histogram", "values": [1.0, 0.0, 0.0, 0.0, 0.0, 0.0, 0.0, 0.0, 0.0, 0.0, 0.0, 0.0, 0.0, 0.0, 0.0, 0.0, 0.0, 0.0, 0.0, 0.0, 0.0, 0.0, 0.0, 0.0, 0.0, 0.0, 0.0, 0.0, 0.0, 0.0, 0.0, 0.0, 0.0, 0.0, 0.0, 0.0, 0.0, 0.0, 0.0, 0.0, 0.0, 0.0, 0.0, 1.0, 0.0, 0.0, 0.0, 0.0, 1.0, 0.0, 0.0, 0.0, 1.0, 2.0, 1.0, 0.0, 1.0, 0.0, 0.0, 0.0, 0.0, 0.0, 1.0, 1.0], "bins": [-0.13218344748020172, -0.12951627373695374, -0.12684909999370575, -0.12418191879987717, -0.12151474505662918, -0.1188475638628006, -0.11618039011955261, -0.11351321637630463, -0.11084604263305664, -0.10817886888980865, -0.10551168769598007, -0.10284451395273209, -0.1001773402094841, -0.09751015901565552, -0.09484298527240753, -0.09217581152915955, -0.08950863033533096, -0.08684145659208298, -0.0841742753982544, -0.08150710165500641, -0.07883992791175842, -0.07617275416851044, -0.07350557297468185, -0.07083839923143387, -0.06817121803760529, -0.0655040442943573, -0.06283686310052872, -0.06016968935728073, -0.057502515614032745, -0.05483533814549446, -0.05216816067695618, -0.04950098693370819, -0.046833813190460205, -0.04416663572192192, -0.041499461978673935, -0.03883228451013565, -0.036165110766887665, -0.03349793329834938, -0.030830755829811096, -0.02816358022391796, -0.025496408343315125, -0.02282923273742199, -0.020162057131528854, -0.01749487966299057, -0.014827704057097435, -0.0121605284512043, -0.009493350982666016, -0.0068261753767728806, -0.004158996045589447, -0.0014918199740350246, 0.0011753560975193977, 0.0038425326347351074, 0.0065097082406282425, 0.009176883846521378, 0.011844061315059662, 0.014511236920952797, 0.017178412526845932, 0.019845588132739067, 0.022512763738632202, 0.025179941207170486, 0.02784711681306362, 0.030514292418956757, 0.03318146988749504, 0.035848647356033325, 0.03851582109928131]}, "gradients/linear_layers.1.weight": {"_type": "histogram", "values": [1.0, 1.0, 0.0, 0.0, 0.0, 0.0, 1.0, 0.0, 0.0, 0.0, 1.0, 0.0, 0.0, 0.0, 0.0, 1.0, 2.0, 0.0, 0.0, 0.0, 0.0, 0.0, 1.0, 0.0, 2.0, 3.0, 1.0, 2.0, 2.0, 4.0, 4.0, 5.0, 4.0, 2.0, 4.0, 7.0, 7.0, 7.0, 10.0, 10.0, 16.0, 11.0, 9.0, 29.0, 31.0, 34.0, 48.0, 79.0, 88.0, 57.0, 48.0, 36.0, 23.0, 10.0, 17.0, 5.0, 5.0, 4.0, 3.0, 1.0, 1.0, 2.0, 0.0, 1.0], "bins": [-0.7790507078170776, -0.7622528672218323, -0.7454550266265869, -0.7286572456359863, -0.711859405040741, -0.6950615644454956, -0.6782637238502502, -0.6614658832550049, -0.6446681022644043, -0.6278702616691589, -0.6110724210739136, -0.594274640083313, -0.5774767994880676, -0.5606789588928223, -0.5438811182975769, -0.5270832777023315, -0.5102854371070862, -0.4934875965118408, -0.47668978571891785, -0.4598919451236725, -0.4430941343307495, -0.42629629373550415, -0.4094984531402588, -0.3927006125450134, -0.37590280175209045, -0.3591049611568451, -0.3423071503639221, -0.32550930976867676, -0.3087114691734314, -0.2919136583805084, -0.27511581778526306, -0.2583180069923401, -0.24152016639709473, -0.22472234070301056, -0.2079245150089264, -0.19112667441368103, -0.17432884871959686, -0.1575310230255127, -0.14073318243026733, -0.12393535673618317, -0.107137531042099, -0.09033970534801483, -0.07354187220335007, -0.0567440427839756, -0.039946213364601135, -0.023148387670516968, -0.006350554525852203, 0.010447278618812561, 0.02724510431289673, 0.044042933732271194, 0.06084076315164566, 0.07763859629631042, 0.09443642199039459, 0.11123424768447876, 0.12803208827972412, 0.1448299139738083, 0.16162773966789246, 0.17842556536197662, 0.1952233910560608, 0.21202123165130615, 0.22881905734539032, 0.2456168830394745, 0.26241472363471985, 0.2792125344276428, 0.2960103750228882]}, "gradients/linear_layers.0.bias": {"_type": "histogram", "values": [1.0, 0.0, 1.0, 2.0, 0.0, 0.0, 1.0, 1.0, 0.0, 1.0, 1.0, 1.0, 1.0, 0.0, 2.0, 1.0, 2.0, 2.0, 2.0, 0.0, 1.0, 2.0, 2.0, 1.0, 1.0, 1.0, 0.0, 2.0, 3.0, 1.0, 2.0, 4.0, 1.0, 1.0, 0.0, 2.0, 2.0, 0.0, 1.0, 0.0, 0.0, 1.0, 3.0, 1.0, 0.0, 3.0, 1.0, 0.0, 0.0, 1.0, 0.0, 2.0, 1.0, 1.0, 0.0, 0.0, 0.0, 0.0, 2.0, 0.0, 1.0, 0.0, 0.0, 1.0], "bins": [-0.019042862579226494, -0.018401123583316803, -0.01775938645005226, -0.01711764745414257, -0.01647591032087803, -0.015834171324968338, -0.015192433260381222, -0.014550695195794106, -0.01390895713120699, -0.013267219066619873, -0.012625481002032757, -0.01198374293744564, -0.01134200394153595, -0.010700266808271408, -0.010058527812361717, -0.009416789747774601, -0.008775051683187485, -0.008133313618600368, -0.007491575554013252, -0.006849837023764849, -0.0062080989591777325, -0.005566360894590616, -0.004924622364342213, -0.0042828842997550964, -0.00364114623516798, -0.002999408170580864, -0.002357669873163104, -0.001715931692160666, -0.001074193511158228, -0.0004324554465711117, 0.00020928285084664822, 0.0008510211482644081, 0.0014927610754966736, 0.00213449914008379, 0.0027762374375015497, 0.0034179757349193096, 0.004059713799506426, 0.004701451864093542, 0.005343190394341946, 0.005984928458929062, 0.006626666523516178, 0.007268404588103294, 0.00791014265269041, 0.008551880717277527, 0.009193619713187218, 0.00983535684645176, 0.01047709584236145, 0.011118833906948566, 0.011760571971535683, 0.012402310036122799, 0.013044048100709915, 0.013685786165297031, 0.014327524229884148, 0.014969263225793839, 0.015611001290380955, 0.01625273935496807, 0.016894478350877762, 0.017536217346787453, 0.018177954480051994, 0.018819693475961685, 0.019461430609226227, 0.020103169605135918, 0.02074490673840046, 0.02138664573431015, 0.022028382867574692]}, "gradients/linear_layers.0.weight": {"_type": "histogram", "values": [2.0, 4.0, 8.0, 9.0, 18.0, 25.0, 54.0, 86.0, 159.0, 169.0, 205.0, 279.0, 370.0, 375.0, 458.0, 641.0, 905.0, 1270.0, 1660.0, 2247.0, 2841.0, 3649.0, 4701.0, 5726.0, 7079.0, 8389.0, 9731.0, 11129.0, 12419.0, 13425.0, 13588.0, 13710.0, 12646.0, 11397.0, 9955.0, 8675.0, 7477.0, 6451.0, 5254.0, 4199.0, 3309.0, 2683.0, 2144.0, 1683.0, 1346.0, 998.0, 762.0, 503.0, 429.0, 319.0, 251.0, 226.0, 160.0, 140.0, 85.0, 62.0, 43.0, 22.0, 25.0, 12.0, 10.0, 4.0, 3.0, 4.0], "bins": [-0.021489500999450684, -0.02079043909907341, -0.020091375336050987, -0.019392313435673714, -0.01869324967265129, -0.017994187772274017, -0.017295125871896744, -0.01659606397151947, -0.015897000208497047, -0.0151979373767972, -0.014498874545097351, -0.013799812644720078, -0.01310074981302023, -0.012401686981320381, -0.011702625080943108, -0.01100356224924326, -0.010304499417543411, -0.009605436585843563, -0.008906373754143715, -0.008207311853766441, -0.007508249022066593, -0.006809186190366745, -0.006110123824328184, -0.005411061458289623, -0.004711998626589775, -0.004012935794889927, -0.003313873428851366, -0.0026148108299821615, -0.001915748231112957, -0.0012166856322437525, -0.000517623033374548, 0.0001814393326640129, 0.0008805003017187119, 0.0015795629005879164, 0.002278625499457121, 0.0029776880983263254, 0.00367675069719553, 0.004375813528895378, 0.005074875894933939, 0.0057739382609725, 0.006473001092672348, 0.007172063924372196, 0.007871126756072044, 0.008570188656449318, 0.009269251488149166, 0.009968314319849014, 0.010667376220226288, 0.011366439051926136, 0.012065501883625984, 0.012764564715325832, 0.01346362754702568, 0.014162689447402954, 0.014861752279102802, 0.01556081511080265, 0.016259877011179924, 0.016958940774202347, 0.01765800267457962, 0.018357064574956894, 0.019056128337979317, 0.01975519023835659, 0.020454254001379013, 0.021153315901756287, 0.02185237780213356, 0.022551439702510834, 0.023250503465533257]}}