{"graph_0": {"_type": "graph-file", "path": "media/graph/graph_0_summary_4e018540.graph.json", "sha256": "4e01854041c3b9f77be4e848a62d14e34b071a12d4d6a62a57a7173c68d5a5cd", "size": 1665}, "Train Loss": 0.4897073920911703, "Val Loss": 0.9423755084474882, "Train Acc": 82.61324786324786, "Val Acc": 70.05128205128206, "_runtime": 228, "_timestamp": 1620948212, "_step": 14, "gradients/fc_out.bias": {"_type": "histogram", "values": [1.0, 0.0, 0.0, 0.0, 0.0, 0.0, 0.0, 0.0, 0.0, 0.0, 0.0, 0.0, 0.0, 0.0, 0.0, 1.0, 0.0, 0.0, 0.0, 0.0, 0.0, 0.0, 0.0, 0.0, 0.0, 0.0, 0.0, 0.0, 0.0, 0.0, 0.0, 0.0, 0.0, 0.0, 0.0, 0.0, 0.0, 0.0, 0.0, 0.0, 0.0, 0.0, 1.0, 0.0, 0.0, 1.0, 0.0, 0.0, 0.0, 0.0, 1.0, 0.0, 1.0, 0.0, 1.0, 0.0, 1.0, 0.0, 0.0, 1.0, 0.0, 0.0, 0.0, 1.0], "bins": [-0.053585294634103775, -0.05236843228340149, -0.0511515736579895, -0.049934711307287216, -0.04871784895658493, -0.047500986605882645, -0.04628412425518036, -0.04506726562976837, -0.043850403279066086, -0.0426335409283638, -0.04141668230295181, -0.04019981995224953, -0.03898295760154724, -0.037766095250844955, -0.03654923290014267, -0.03533237427473068, -0.0341155119240284, -0.03289864957332611, -0.031681790947914124, -0.030464928597211838, -0.029248066246509552, -0.028031203895807266, -0.02681434340775013, -0.025597482919692993, -0.024380620568990707, -0.02316375821828842, -0.021946897730231285, -0.02073003724217415, -0.019513174891471863, -0.018296312540769577, -0.01707945205271244, -0.015862591564655304, -0.01464572548866272, -0.013428864069283009, -0.012212002649903297, -0.010995141230523586, -0.009778279811143875, -0.008561418391764164, -0.007344556972384453, -0.006127695553004742, -0.0049108341336250305, -0.0036939727142453194, -0.002477111294865608, -0.001260249875485897, -4.338845610618591e-05, 0.0011734729632735252, 0.0023903343826532364, 0.0036071958020329475, 0.004824057221412659, 0.00604091864079237, 0.007257780060172081, 0.008474641479551792, 0.009691502898931503, 0.010908364318311214, 0.012125225737690926, 0.013342087157070637, 0.014558948576450348, 0.015775810927152634, 0.01699267141520977, 0.018209531903266907, 0.019426394253969193, 0.02064325660467148, 0.021860117092728615, 0.02307697758078575, 0.024293839931488037]}, "gradients/fc_out.weight": {"_type": "histogram", "values": [1.0, 1.0, 0.0, 0.0, 1.0, 1.0, 1.0, 0.0, 1.0, 3.0, 2.0, 2.0, 2.0, 3.0, 11.0, 14.0, 13.0, 19.0, 30.0, 41.0, 68.0, 68.0, 98.0, 142.0, 228.0, 279.0, 387.0, 549.0, 833.0, 1233.0, 1999.0, 56184.0, 14105.0, 2535.0, 1097.0, 597.0, 416.0, 274.0, 188.0, 145.0, 78.0, 55.0, 67.0, 52.0, 28.0, 20.0, 12.0, 5.0, 14.0, 4.0, 5.0, 1.0, 3.0, 0.0, 1.0, 1.0, 0.0, 0.0, 1.0, 1.0, 0.0, 0.0, 0.0, 1.0], "bins": [-0.09088600426912308, -0.08803907036781311, -0.08519212901592255, -0.08234519511461258, -0.07949826121330261, -0.07665131986141205, -0.07380438596010208, -0.07095745205879211, -0.06811051070690155, -0.06526357680559158, -0.06241663545370102, -0.05956970155239105, -0.05672276392579079, -0.05387582629919052, -0.051028892397880554, -0.04818195477128029, -0.04533501714468002, -0.04248807951807976, -0.03964114189147949, -0.036794207990169525, -0.03394727036356926, -0.031100332736968994, -0.028253396973013878, -0.02540646120905876, -0.022559523582458496, -0.01971258595585823, -0.016865650191903114, -0.014018713496625423, -0.011171776801347733, -0.008324840106070042, -0.005477903410792351, -0.0026309676468372345, 0.00021596252918243408, 0.003062899224460125, 0.005909835919737816, 0.008756772615015507, 0.011603709310293198, 0.014450646005570889, 0.01729758270084858, 0.020144518464803696, 0.02299145609140396, 0.025838393718004227, 0.028685329481959343, 0.03153226524591446, 0.034379202872514725, 0.03722614049911499, 0.04007307440042496, 0.04292001202702522, 0.04576694965362549, 0.048613887280225754, 0.05146082490682602, 0.054307758808135986, 0.05715469643473625, 0.06000163406133652, 0.06284856796264648, 0.06569550931453705, 0.06854244321584702, 0.07138937711715698, 0.07423631846904755, 0.07708325237035751, 0.07993018627166748, 0.08277712762355804, 0.08562406152486801, 0.08847099542617798, 0.09131793677806854]}, "gradients/conv_layer.5.bias": {"_type": "histogram", "values": [1.0, 0.0, 0.0, 0.0, 0.0, 0.0, 0.0, 2.0, 2.0, 0.0, 0.0, 0.0, 0.0, 0.0, 0.0, 1.0, 1.0, 1.0, 2.0, 4.0, 1.0, 4.0, 1.0, 3.0, 2.0, 0.0, 3.0, 2.0, 4.0, 9.0, 5.0, 6.0, 32.0, 4.0, 2.0, 1.0, 3.0, 2.0, 3.0, 3.0, 0.0, 0.0, 5.0, 1.0, 1.0, 2.0, 1.0, 1.0, 1.0, 2.0, 2.0, 1.0, 0.0, 0.0, 0.0, 0.0, 2.0, 0.0, 0.0, 3.0, 0.0, 1.0, 0.0, 1.0], "bins": [-0.08165262639522552, -0.07910582423210144, -0.07655901461839676, -0.07401221245527267, -0.07146541029214859, -0.06891860067844391, -0.06637179851531982, -0.06382499635219574, -0.06127818673849106, -0.058731380850076675, -0.05618457868695259, -0.05363777279853821, -0.051090966910123825, -0.04854416102170944, -0.04599735885858536, -0.043450552970170975, -0.04090375080704689, -0.03835694491863251, -0.03581014275550842, -0.03326333686709404, -0.030716530978679657, -0.028169726952910423, -0.02562292292714119, -0.023076117038726807, -0.020529314875602722, -0.01798251084983349, -0.015435704961419106, -0.012888900935649872, -0.010342095978558064, -0.007795291021466255, -0.0052484869956970215, -0.0027016811072826385, -0.00015487521886825562, 0.002391929505392909, 0.004938734229654074, 0.007485538721084595, 0.010032343678176403, 0.012579148635268211, 0.015125952661037445, 0.017672758549451828, 0.02021956443786621, 0.022766368463635445, 0.025313174352049828, 0.02785997837781906, 0.030406784266233444, 0.03295359015464783, 0.03550039231777191, 0.038047198206186295, 0.04059400036931038, 0.04314080625772476, 0.045687608420848846, 0.04823441430926323, 0.05078122019767761, 0.0533280223608017, 0.05587482824921608, 0.05842163413763046, 0.06096843630075455, 0.06351523846387863, 0.06606204807758331, 0.0686088502407074, 0.07115565240383148, 0.07370246201753616, 0.07624926418066025, 0.07879607379436493, 0.08134287595748901]}, "gradients/conv_layer.5.weight": {"_type": "histogram", "values": [1.0, 2.0, 1.0, 2.0, 1.0, 2.0, 5.0, 11.0, 12.0, 7.0, 12.0, 14.0, 22.0, 23.0, 29.0, 53.0, 84.0, 105.0, 164.0, 228.0, 308.0, 502.0, 708.0, 1153.0, 1826.0, 3067.0, 5312.0, 10183.0, 140773.0, 18465.0, 8444.0, 4722.0, 2869.0, 1903.0, 1204.0, 840.0, 532.0, 378.0, 230.0, 195.0, 132.0, 64.0, 71.0, 38.0, 26.0, 18.0, 19.0, 8.0, 14.0, 3.0, 2.0, 3.0, 3.0, 4.0, 1.0, 0.0, 0.0, 0.0, 1.0, 0.0, 0.0, 0.0, 0.0, 1.0], "bins": [-0.04971081018447876, -0.047990404069423676, -0.04627000167965889, -0.044549599289894104, -0.04282919317483902, -0.041108787059783936, -0.03938838467001915, -0.037667982280254364, -0.03594757616519928, -0.034227170050144196, -0.03250676766037941, -0.030786363407969475, -0.02906595915555954, -0.027345554903149605, -0.02562515065073967, -0.023904746398329735, -0.0221843421459198, -0.020463937893509865, -0.01874353364109993, -0.017023129388689995, -0.01530272513628006, -0.013582320883870125, -0.01186191663146019, -0.010141512379050255, -0.00842110812664032, -0.006700703874230385, -0.00498029962182045, -0.003259895369410515, -0.0015394911170005798, 0.00018091313540935516, 0.0019013173878192902, 0.003621721640229225, 0.005342129617929459, 0.007062533870339394, 0.008782938122749329, 0.010503342375159264, 0.012223746627569199, 0.013944150879979134, 0.01566455513238907, 0.017384959384799004, 0.01910536363720894, 0.020825767889618874, 0.02254617214202881, 0.024266576394438744, 0.02598698064684868, 0.027707384899258614, 0.02942778915166855, 0.031148193404078484, 0.03286859765648842, 0.034589000046253204, 0.03630940616130829, 0.03802981227636337, 0.03975021466612816, 0.041470617055892944, 0.04319102317094803, 0.04491142928600311, 0.0466318316757679, 0.048352234065532684, 0.05007264018058777, 0.05179304629564285, 0.05351344868540764, 0.055233851075172424, 0.05695425719022751, 0.05867466330528259, 0.06039506569504738]}, "gradients/conv_layer.2.bias": {"_type": "histogram",