{"graph_0": {"_type": "graph-file", "path": "media/graph/graph_0_summary_87ab5456.graph.json", "sha256": "87ab5456aa05c8771c4ee19ab214bf17f0b4424d388f1813cbd2dc5cbabe9212", "size": 1694}, "Train Loss": 1.4899512982776022, "Val Loss": 1.4831455945968628, "Train Acc": 46.254273504273506, "Val Acc": 46.868589743589745, "_runtime": 215, "_timestamp": 1620950246, "_step": 14, "gradients/fc_out.bias": {"_type": "histogram", "values": [1.0, 0.0, 0.0, 0.0, 0.0, 0.0, 0.0, 1.0, 0.0, 0.0, 0.0, 0.0, 0.0, 0.0, 0.0, 0.0, 0.0, 0.0, 0.0, 0.0, 0.0, 0.0, 0.0, 1.0, 1.0, 0.0, 0.0, 0.0, 0.0, 1.0, 0.0, 1.0, 0.0, 0.0, 0.0, 0.0, 0.0, 0.0, 0.0, 0.0, 0.0, 0.0, 1.0, 0.0, 0.0, 0.0, 0.0, 0.0, 0.0, 0.0, 0.0, 0.0, 1.0, 0.0, 0.0, 0.0, 0.0, 0.0, 0.0, 0.0, 1.0, 0.0, 0.0, 1.0], "bins": [-0.05582483112812042, -0.05415785312652588, -0.052490875124931335, -0.050823893398046494, -0.04915691539645195, -0.04748993739485741, -0.04582295939326286, -0.04415597766637802, -0.04248899966478348, -0.040822021663188934, -0.03915504366159439, -0.03748806193470955, -0.035821083933115005, -0.03415410593152046, -0.03248712792992592, -0.030820148065686226, -0.029153170064091682, -0.02748619206249714, -0.025819212198257446, -0.024152234196662903, -0.02248525433242321, -0.020818276330828667, -0.019151296466588974, -0.01748431846499443, -0.015817340463399887, -0.014150361530482769, -0.012483382597565651, -0.010816404595971107, -0.009149424731731415, -0.007482446730136871, -0.005815467797219753, -0.004148488864302635, -0.0024815090000629425, -0.0008145301835611463, 0.00085244863294065, 0.0025194273330271244, 0.0041864062659442425, 0.005853384733200073, 0.007520363666117191, 0.00918734259903431, 0.010854322463274002, 0.01252130139619112, 0.014188280329108238, 0.01585525833070278, 0.017522238194942474, 0.019189216196537018, 0.02085619419813156, 0.022523174062371254, 0.024190152063965797, 0.02585713006556034, 0.027524109929800034, 0.029191087931394577, 0.03085806779563427, 0.03252504765987396, 0.034192025661468506, 0.03585900366306305, 0.03752598166465759, 0.039192959666252136, 0.04085993766784668, 0.04252691939473152, 0.044193897396326065, 0.04586087539792061, 0.04752785339951515, 0.049194835126399994, 0.05086181312799454]}, "gradients/fc_out.weight": {"_type": "histogram", "values": [1.0, 1.0, 2.0, 0.0, 1.0, 1.0, 1.0, 3.0, 4.0, 0.0, 4.0, 4.0, 8.0, 7.0, 18.0, 19.0, 23.0, 34.0, 37.0, 44.0, 62.0, 92.0, 93.0, 133.0, 167.0, 259.0, 260.0, 395.0, 481.0, 620.0, 810.0, 1003.0, 1248.0, 1664.0, 2014.0, 2484.0, 2927.0, 3595.0, 4300.0, 5044.0, 5686.0, 8117.0, 6927.0, 6768.0, 6209.0, 5279.0, 4282.0, 3324.0, 2427.0, 1700.0, 1170.0, 810.0, 514.0, 304.0, 195.0, 128.0, 86.0, 56.0, 27.0, 21.0, 12.0, 10.0, 4.0, 1.0], "bins": [-0.1321597397327423, -0.12897047400474548, -0.12578122317790985, -0.12259195744991302, -0.1194026991724968, -0.11621344089508057, -0.11302417516708374, -0.10983491688966751, -0.10664565861225128, -0.10345640033483505, -0.10026713460683823, -0.097077876329422, -0.09388861805200577, -0.09069935977458954, -0.08751009404659271, -0.08432083576917648, -0.08113157004117966, -0.07794231176376343, -0.0747530460357666, -0.07156378775835037, -0.06837452948093414, -0.06518526375293732, -0.06199600547552109, -0.05880674719810486, -0.05561748147010803, -0.052428219467401505, -0.049238961189985275, -0.04604969918727875, -0.04286044090986252, -0.03967117890715599, -0.03648191690444946, -0.033292658627033234, -0.030103400349617004, -0.026914140209555626, -0.023724880069494247, -0.02053561806678772, -0.01734635792672634, -0.014157097786664963, -0.010967835783958435, -0.007778575643897057, -0.0045893192291259766, -0.0014000586234033108, 0.001789201982319355, 0.004978463053703308, 0.008167723193764687, 0.011356983333826065, 0.014546245336532593, 0.01773550547659397, 0.020924769341945648, 0.024114029482007027, 0.027303289622068405, 0.030492551624774933, 0.03368180990219116, 0.03687107190489769, 0.04006033390760422, 0.04324959218502045, 0.046438854187726974, 0.0496281161904335, 0.05281737446784973, 0.05600663647055626, 0.05919589847326279, 0.062385156750679016, 0.06557442247867584, 0.06876368075609207, 0.0719529390335083]}, "gradients/conv_layer.5.bias": {"_type": "histogram", "values": [1.0, 0.0, 0.0, 0.0, 0.0, 0.0, 1.0, 0.0, 0.0, 0.0, 2.0, 0.0, 2.0, 2.0, 2.0, 4.0, 2.0, 4.0, 2.0, 4.0, 0.0, 3.0, 3.0, 1.0, 4.0, 4.0, 3.0, 1.0, 5.0, 5.0, 2.0, 9.0, 3.0, 1.0, 6.0, 2.0, 4.0, 1.0, 6.0, 2.0, 2.0, 0.0, 3.0, 5.0, 4.0, 2.0, 3.0, 0.0, 1.0, 1.0, 1.0, 3.0, 3.0, 1.0, 3.0, 0.0, 2.0, 0.0, 1.0, 0.0, 0.0, 0.0, 1.0, 1.0], "bins": [-0.03901289030909538, -0.03775718808174133, -0.03650148585438728, -0.035245783627033234, -0.033990081399679184, -0.032734379172325134, -0.031478676944971085, -0.030222974717617035, -0.028967272490262985, -0.027711570262908936, -0.026455868035554886, -0.025200165808200836, -0.023944463580846786, -0.022688761353492737, -0.021433059126138687, -0.020177356898784637, -0.018921654671430588, -0.017665952444076538, -0.01641025021672249, -0.015154547989368439, -0.013898845762014389, -0.01264314353466034, -0.01138744130730629, -0.01013173907995224, -0.00887603685259819, -0.007620334625244141, -0.006364632397890091, -0.005108930170536041, -0.0038532279431819916, -0.002597525715827942, -0.0013418234884738922, -8.612126111984253e-05, 0.0011695772409439087, 0.0024252794682979584, 0.003680981695652008, 0.004936683923006058, 0.006192386150360107, 0.007448088377714157, 0.008703790605068207, 0.009959492832422256, 0.011215195059776306, 0.012470897287130356, 0.013726599514484406, 0.014982301741838455, 0.016238003969192505, 0.017493706196546555, 0.018749408423900604, 0.020005110651254654, 0.021260812878608704, 0.022516515105962753, 0.023772217333316803, 0.025027919560670853, 0.026283621788024902, 0.027539324015378952, 0.028795026242733, 0.03005072847008705, 0.0313064306974411, 0.03256213292479515, 0.0338178351521492, 0.03507353737950325, 0.0363292396068573, 0.03758494183421135, 0.0388406440615654, 0.04009634628891945, 0.0413520485162735]}, "gradients/conv_layer.5.weight": {"_type": "histogram", "values": [3.0, 5.0, 7.0, 2.0, 5.0, 5.0, 14.0, 26.0, 31.0, 38.0, 58.0, 73.0, 87.0, 123.0, 120.0, 199.0, 309.0, 420.0, 625.0, 932.0, 1664.0, 2899.0, 5264.0, 9752.0, 15762.0, 22272.0, 26198.0, 31586.0, 25166.0, 20523.0, 14326.0, 9309.0, 6295.0, 3795.0, 2352.0, 1507.0, 920.0, 564.0, 370.0, 276.0, 209.0, 142.0, 116.0, 81.0, 80.0, 63.0, 49.0, 41.0, 36.0, 24.0, 15.0, 18.0, 10.0, 10.0, 5.0, 6.0, 2.0, 3.0, 3.0, 2.0, 1.0, 1.0, 0.0, 1.0], "bins": [-0.039079345762729645, -0.037638675421476364, -0.03619800880551338, -0.0347573384642601, -0.03331667184829712, -0.03187600150704384, -0.030435331165790558, -0.028994662687182426, -0.027553994208574295, -0.026113325729966164, -0.024672657251358032, -0.02323198691010475, -0.02179131843149662, -0.02035064995288849, -0.018909979611635208, -0.017469311133027077, -0.016028642654418945, -0.014587974175810814, -0.013147304765880108, -0.011706635355949402, -0.01026596687734127, -0.008825298398733139, -0.007384628988802433, -0.005943959578871727, -0.004503291100263596, -0.003062622155994177, -0.0016219532117247581, -0.00018128426745533943, 0.0012593846768140793, 0.002700053621083498, 0.004140722565352917, 0.005581391975283623, 0.007022056728601456, 0.008462725207209587, 0.009903394617140293, 0.011344064027071, 0.01278473250567913, 0.014225400984287262, 0.015666071325540543, 0.017106739804148674, 0.018547408282756805, 0.019988076761364937, 0.021428745239973068, 0.02286941558122635, 0.02431008405983448, 0.02575075253844261, 0.027191422879695892, 0.028632091358304024, 0.030072759836912155, 0.031513430178165436, 0.03295409679412842, 0.0343947671353817, 0.03583543747663498, 0.03727610409259796, 0.03871677443385124, 0.04015744477510452, 0.041598111391067505, 0.043038781732320786, 0.04447944834828377, 0.04592011868953705, 0.04736078530550003, 0.04880145564675331, 0.05024212598800659, 0.051682792603969574, 0.053123462945222855]}, "gradients/conv_layer.2.bias": {"_type": "histogram",