{"graph_0": {"_type": "graph-file", "path": "media/graph/graph_0_summary_c4a9e89a.graph.json", "sha256": "c4a9e89a1537650ad1d86f220200f13c84ead86e3c6a682d075a4c1faaf333c5", "size": 875}, "Train Loss": 1.2686784212719033, "Val Loss": 1.4724042789459229, "Train Acc": 55.61899679829242, "Val Acc": 48.808, "_runtime": 221, "_timestamp": 1620692344, "_step": 14, "gradients/linear_layers.2.bias": {"_type": "histogram", "values": [1.0, 0.0, 0.0, 0.0, 0.0, 0.0, 0.0, 0.0, 0.0, 0.0, 0.0, 0.0, 0.0, 0.0, 0.0, 0.0, 0.0, 0.0, 0.0, 0.0, 0.0, 0.0, 0.0, 0.0, 0.0, 0.0, 0.0, 0.0, 0.0, 0.0, 0.0, 0.0, 1.0, 1.0, 0.0, 0.0, 0.0, 0.0, 0.0, 0.0, 0.0, 0.0, 1.0, 0.0, 0.0, 0.0, 0.0, 0.0, 1.0, 1.0, 0.0, 0.0, 1.0, 1.0, 0.0, 1.0, 0.0, 0.0, 0.0, 0.0, 0.0, 0.0, 0.0, 1.0], "bins": [-0.09346775710582733, -0.09132165461778641, -0.08917555212974548, -0.08702945709228516, -0.08488335460424423, -0.08273725211620331, -0.08059114962816238, -0.07844504714012146, -0.07629894465208054, -0.07415284216403961, -0.07200673967599869, -0.06986063718795776, -0.06771454215049744, -0.06556843966245651, -0.06342233717441559, -0.061276234686374664, -0.05913013592362404, -0.056984033435583115, -0.05483793467283249, -0.052691832184791565, -0.05054572969675064, -0.04839962720870972, -0.04625352844595909, -0.04410742595791817, -0.04196132719516754, -0.03981522470712662, -0.03766912594437599, -0.03552302345633507, -0.033376920968294144, -0.03123082034289837, -0.029084719717502594, -0.02693861722946167, -0.024792518466711044, -0.02264641784131527, -0.020500315353274345, -0.01835421472787857, -0.016208112239837646, -0.014062011614441872, -0.011915910989046097, -0.009769809432327747, -0.007623706012964249, -0.005477604456245899, -0.003331503365188837, -0.001185402274131775, 0.0009606992825865746, 0.003106800839304924, 0.005252901464700699, 0.007399003021419048, 0.009545102715492249, 0.011691204272210598, 0.013837305828928947, 0.015983406454324722, 0.018129508942365646, 0.02027560956776142, 0.022421710193157196, 0.02456781268119812, 0.026713913306593895, 0.02886001393198967, 0.031006116420030594, 0.03315221518278122, 0.035298317670822144, 0.03744442015886307, 0.03959052264690399, 0.04173662140965462, 0.04388272389769554]}, "gradients/linear_layers.2.weight": {"_type": "histogram", "values": [1.0, 0.0, 0.0, 0.0, 1.0, 0.0, 0.0, 0.0, 1.0, 0.0, 1.0, 0.0, 1.0, 1.0, 0.0, 1.0, 0.0, 1.0, 2.0, 1.0, 2.0, 3.0, 1.0, 5.0, 3.0, 5.0, 5.0, 4.0, 7.0, 8.0, 7.0, 8.0, 6.0, 8.0, 10.0, 8.0, 4.0, 13.0, 14.0, 26.0, 35.0, 44.0, 78.0, 57.0, 53.0, 55.0, 29.0, 23.0, 25.0, 23.0, 12.0, 10.0, 11.0, 4.0, 6.0, 5.0, 1.0, 3.0, 2.0, 0.0, 0.0, 2.0, 1.0, 3.0], "bins": [-0.5451997518539429, -0.5322823524475098, -0.5193649530410767, -0.5064475536346436, -0.49353015422821045, -0.48061275482177734, -0.46769535541534424, -0.45477795600891113, -0.441860556602478, -0.4289431571960449, -0.4160257577896118, -0.4031083583831787, -0.3901909589767456, -0.3772735595703125, -0.3643561601638794, -0.3514387607574463, -0.33852139115333557, -0.32560399174690247, -0.31268659234046936, -0.29976919293403625, -0.28685179352760315, -0.27393439412117004, -0.2610170245170593, -0.24809961020946503, -0.23518222570419312, -0.22226482629776, -0.2093474268913269, -0.1964300274848938, -0.1835126280784607, -0.1705952286720276, -0.15767784416675568, -0.14476044476032257, -0.13184300065040588, -0.11892560124397278, -0.10600820183753967, -0.09309080988168716, -0.08017341047525406, -0.06725601106882095, -0.054338619112968445, -0.04142121970653534, -0.02850380539894104, -0.015586407855153084, -0.0026690103113651276, 0.01024838536977768, 0.023165784776210785, 0.03608318418264389, 0.0490005761384964, 0.061917975544929504, 0.07483536005020142, 0.08775275945663452, 0.10067015886306763, 0.11358755081892014, 0.12650495767593384, 0.13942235708236694, 0.15233974158763885, 0.16525714099407196, 0.17817454040050507, 0.19109193980693817, 0.20400933921337128, 0.2169267237186432, 0.2298441231250763, 0.2427615225315094, 0.2556789219379425, 0.2685963213443756, 0.2815137207508087]}, "gradients/linear_layers.1.bias": {"_type": "histogram", "values": [1.0, 0.0, 0.0, 0.0, 0.0, 0.0, 0.0, 1.0, 1.0, 0.0, 0.0, 1.0, 0.0, 1.0, 1.0, 1.0, 3.0, 2.0, 0.0, 0.0, 0.0, 0.0, 1.0, 2.0, 3.0, 1.0, 1.0, 1.0, 3.0, 0.0, 3.0, 6.0, 4.0, 0.0, 2.0, 0.0, 1.0, 3.0, 2.0, 2.0, 1.0, 2.0, 2.0, 1.0, 1.0, 3.0, 1.0, 2.0, 0.0, 0.0, 0.0, 0.0, 0.0, 1.0, 0.0, 0.0, 1.0, 0.0, 0.0, 0.0, 1.0, 0.0, 0.0, 1.0], "bins": [-0.025978215038776398, -0.02515154518187046, -0.024324875324964523, -0.023498207330703735, -0.022671537473797798, -0.02184486761689186, -0.021018197759985924, -0.020191527903079987, -0.0193648599088192, -0.01853819005191326, -0.017711520195007324, -0.016884852200746536, -0.0160581823438406, -0.015231512486934662, -0.014404842630028725, -0.013578173704445362, -0.012751503847539425, -0.011924833990633488, -0.011098165065050125, -0.010271495208144188, -0.009444826282560825, -0.008618156425654888, -0.007791487034410238, -0.006964817643165588, -0.006138147786259651, -0.005311478395015001, -0.004484809003770351, -0.003658139379695058, -0.002831469988450408, -0.0020048003643751144, -0.0011781309731304646, -0.00035146158188581467, 0.0004752073436975479, 0.0013018767349421978, 0.0021285461261868477, 0.0029552157502621412, 0.003781885141506791, 0.004608554765582085, 0.0054352241568267345, 0.006261893548071384, 0.007088562473654747, 0.007915232330560684, 0.008741901256144047, 0.009568571113049984, 0.010395240038633347, 0.011221909895539284, 0.012048579752445221, 0.012875248678028584, 0.01370191853493452, 0.014528588391840458, 0.01535525731742382, 0.016181927174329758, 0.017008597031235695, 0.017835266888141632, 0.01866193488240242, 0.019488604739308357, 0.020315274596214294, 0.02114194445312023, 0.02196861431002617, 0.022795282304286957, 0.023621952161192894, 0.02444862201809883, 0.02527529187500477, 0.026101961731910706, 0.026928629726171494]}, "gradients/linear_layers.1.weight": {"_type": "histogram", "values": [1.0, 1.0, 0.0, 1.0, 2.0, 3.0, 4.0, 1.0, 2.0, 6.0, 8.0, 13.0, 10.0, 16.0, 18.0, 17.0, 30.0, 42.0, 43.0, 35.0, 66.0, 74.0, 96.0, 141.0, 139.0, 184.0, 231.0, 291.0, 364.0, 430.0, 319.0, 341.0, 250.0, 183.0, 165.0, 124.0, 104.0, 76.0, 51.0, 43.0, 32.0, 25.0, 17.0, 19.0, 10.0, 14.0, 7.0, 9.0, 4.0, 5.0, 9.0, 7.0, 2.0, 3.0, 2.0, 1.0, 1.0, 0.0, 0.0, 1.0, 0.0, 0.0, 2.0, 1.0], "bins": [-0.13588255643844604, -0.1312379240989685, -0.12659329175949097, -0.12194865196943283, -0.1173040121793747, -0.11265937983989716, -0.10801474750041962, -0.10337011516094208, -0.09872547537088394, -0.0940808430314064, -0.08943620324134827, -0.08479157090187073, -0.08014693856239319, -0.07550229877233505, -0.07085766643285751, -0.06621302664279938, -0.06156839430332184, -0.056923758238554, -0.05227912217378616, -0.047634489834308624, -0.04298985376954079, -0.03834521770477295, -0.03370058536529541, -0.029055949300527573, -0.024411313235759735, -0.019766677170991898, -0.01512204296886921, -0.010477407835423946, -0.0058327727019786835, -0.001188136637210846, 0.0034564975649118423, 0.00810113176703453, 0.012745767831802368, 0.017390403896570206, 0.022035038098692894, 0.026679672300815582, 0.03132430836558342, 0.03596894443035126, 0.040613576769828796, 0.045258212834596634, 0.04990284889936447, 0.05454748496413231, 0.059192121028900146, 0.06383675336837769, 0.06848138570785522, 0.07312602549791336, 0.0777706578373909, 0.08241529762744904, 0.08705992996692657, 0.09170456230640411, 0.09634920209646225, 0.10099383443593979, 0.10563847422599792, 0.11028310656547546, 0.114927738904953, 0.11957237124443054, 0.12421701103448868, 0.12886165082454681, 0.13350628316402435, 0.1381509155035019, 0.14279554784297943, 0.14744019508361816, 0.1520848274230957, 0.15672945976257324, 0.16137409210205078]}, "gradients/linear_layers.0.bias": {"_type": "histogram",