{"graph_0": {"_type": "graph-file", "path": "media/graph/graph_0_summary_044feb3d.graph.json", "sha256": "044feb3deb8428bb907be55b872ad8140452f7f24ee1ee90b8a4bec7e9b9f242", "size": 1699}, "Train Loss": 0.33671320334841043, "Val Loss": 0.893978843322167, "Train Acc": 87.90384615384616, "Val Acc": 74.06089743589743, "_runtime": 229, "_timestamp": 1621177484, "_step": 14, "gradients/fc_out.bias": {"_type": "histogram", "values": [1.0, 0.0, 0.0, 0.0, 0.0, 0.0, 0.0, 0.0, 0.0, 0.0, 0.0, 0.0, 1.0, 0.0, 0.0, 0.0, 0.0, 0.0, 0.0, 0.0, 0.0, 0.0, 0.0, 1.0, 0.0, 0.0, 0.0, 0.0, 0.0, 0.0, 0.0, 1.0, 0.0, 0.0, 1.0, 0.0, 0.0, 0.0, 2.0, 0.0, 0.0, 0.0, 0.0, 0.0, 0.0, 0.0, 0.0, 0.0, 0.0, 0.0, 0.0, 0.0, 0.0, 1.0, 0.0, 0.0, 0.0, 0.0, 0.0, 0.0, 0.0, 0.0, 1.0, 1.0], "bins": [-0.03313993662595749, -0.03222038224339485, -0.031300827860832214, -0.030381273478269577, -0.02946171909570694, -0.028542164713144302, -0.027622612193226814, -0.026703057810664177, -0.02578350342810154, -0.024863949045538902, -0.023944394662976265, -0.023024840280413628, -0.02210528776049614, -0.021185733377933502, -0.020266178995370865, -0.019346624612808228, -0.01842707023024559, -0.017507515847682953, -0.016587961465120316, -0.015668407082557678, -0.014748853631317616, -0.013829299248754978, -0.012909745797514915, -0.011990191414952278, -0.01107063703238964, -0.010151082649827003, -0.009231528267264366, -0.008311974816024303, -0.007392420433461666, -0.006472866050899029, -0.005553312133997679, -0.004633758217096329, -0.0037142056971788406, -0.002794651547446847, -0.0018750973977148533, -0.0009555432479828596, -3.5989098250865936e-05, 0.0008835652843117714, 0.0018031192012131214, 0.0027226731181144714, 0.0036422275006771088, 0.004561781883239746, 0.005481335800141096, 0.006400889717042446, 0.0073204440996050835, 0.00823999848216772, 0.009159551933407784, 0.01007910631597042, 0.010998660698533058, 0.011918215081095695, 0.012837769463658333, 0.013757322914898396, 0.014676877297461033, 0.01559643168002367, 0.016515985131263733, 0.01743553951382637, 0.018355093896389008, 0.019274648278951645, 0.020194202661514282, 0.02111375704407692, 0.022033311426639557, 0.022952865809202194, 0.023872418329119682, 0.02479197271168232, 0.025711527094244957]}, "gradients/fc_out.weight": {"_type": "histogram", "values": [1.0, 1.0, 0.0, 0.0, 1.0, 3.0, 1.0, 4.0, 2.0, 4.0, 6.0, 7.0, 10.0, 10.0, 21.0, 19.0, 33.0, 29.0, 38.0, 47.0, 76.0, 76.0, 103.0, 150.0, 172.0, 243.0, 280.0, 397.0, 576.0, 694.0, 1035.0, 1362.0, 2101.0, 3293.0, 7082.0, 145213.0, 10537.0, 4165.0, 2292.0, 1379.0, 880.0, 566.0, 409.0, 266.0, 186.0, 149.0, 101.0, 70.0, 59.0, 46.0, 32.0, 22.0, 9.0, 20.0, 7.0, 10.0, 6.0, 11.0, 3.0, 3.0, 0.0, 1.0, 0.0, 1.0], "bins": [-0.05819960683584213, -0.05655752867460251, -0.054915450513362885, -0.05327337607741356, -0.051631297916173935, -0.04998921975493431, -0.048347145318984985, -0.04670506715774536, -0.04506298899650574, -0.04342091083526611, -0.04177883267402649, -0.040136758238077164, -0.03849468007683754, -0.036852601915597916, -0.03521052747964859, -0.033568449318408966, -0.03192637115716934, -0.030284292995929718, -0.028642216697335243, -0.02700014039874077, -0.025358062237501144, -0.02371598407626152, -0.022073907777667046, -0.02043183147907257, -0.018789753317832947, -0.017147675156593323, -0.015505598857998848, -0.013863521628081799, -0.01222144439816475, -0.0105793671682477, -0.00893728993833065, -0.007295212708413601, -0.0056531354784965515, -0.004011058248579502, -0.0023689810186624527, -0.0007269037887454033, 0.0009151734411716461, 0.0025572506710886955, 0.004199327901005745, 0.005841405130922794, 0.007483482360839844, 0.009125559590756893, 0.010767636820673943, 0.012409714050590992, 0.014051791280508041, 0.015693869441747665, 0.01733594574034214, 0.018978022038936615, 0.02062010020017624, 0.022262178361415863, 0.023904254660010338, 0.025546330958604813, 0.027188409119844437, 0.02883048728108406, 0.030472563579678535, 0.03211463987827301, 0.033756718039512634, 0.03539879620075226, 0.03704087436199188, 0.03868294879794121, 0.04032502695918083, 0.041967105120420456, 0.04360917955636978, 0.045251257717609406, 0.04689333587884903]}, "gradients/conv_layer.5.bias": {"_type": "histogram", "values": [1.0, 0.0, 0.0, 0.0, 0.0, 0.0, 0.0, 0.0, 0.0, 0.0, 0.0, 1.0, 0.0, 2.0, 0.0, 1.0, 0.0, 0.0, 3.0, 2.0, 1.0, 2.0, 1.0, 2.0, 0.0, 0.0, 4.0, 2.0, 3.0, 0.0, 2.0, 7.0, 4.0, 5.0, 7.0, 9.0, 25.0, 4.0, 10.0, 2.0, 3.0, 1.0, 8.0, 0.0, 6.0, 1.0, 1.0, 1.0, 1.0, 0.0, 2.0, 1.0, 0.0, 0.0, 1.0, 0.0, 0.0, 0.0, 0.0, 0.0, 0.0, 0.0, 0.0, 2.0], "bins": [-0.14862331748008728, -0.14450183510780334, -0.1403803527355194, -0.13625887036323547, -0.13213738799095154, -0.1280159056186676, -0.12389442324638367, -0.11977294087409973, -0.1156514585018158, -0.11152997612953186, -0.10740849375724792, -0.10328701138496399, -0.09916552901268005, -0.09504404664039612, -0.09092256426811218, -0.08680108189582825, -0.08267959207296371, -0.07855810970067978, -0.07443662732839584, -0.07031514495611191, -0.06619366258382797, -0.06207218021154404, -0.0579506941139698, -0.05382921174168587, -0.04970772564411163, -0.0455862432718277, -0.04146476089954376, -0.03734327852725983, -0.03322179615497589, -0.029100311920046806, -0.02497882768511772, -0.020857345312833786, -0.01673586666584015, -0.012614384293556213, -0.008492900989949703, -0.004371417686343193, -0.0002499353140592575, 0.003871547058224678, 0.007993031293153763, 0.012114513665437698, 0.016235992312431335, 0.02035747468471527, 0.024478957056999207, 0.02860044129192829, 0.03272192180156708, 0.03684340417385101, 0.04096489027142525, 0.04508637264370918, 0.04920785874128342, 0.05332934111356735, 0.05745082348585129, 0.06157230585813522, 0.06569378823041916, 0.0698152706027031, 0.07393676042556763, 0.07805824279785156, 0.0821797251701355, 0.08630120754241943, 0.09042268991470337, 0.0945441722869873, 0.09866565465927124, 0.10278713703155518, 0.10690861940383911, 0.11103010177612305, 0.11515158414840698]}, "gradients/conv_layer.5.weight": {"_type": "histogram", "values": [1.0, 0.0, 1.0, 1.0, 1.0, 0.0, 0.0, 4.0, 2.0, 4.0, 5.0, 7.0, 9.0, 13.0, 7.0, 7.0, 10.0, 24.0, 29.0, 36.0, 37.0, 50.0, 61.0, 73.0, 123.0, 151.0, 222.0, 282.0, 406.0, 519.0, 792.0, 1172.0, 1641.0, 2597.0, 4011.0, 7074.0, 32465.0, 8699.0, 4417.0, 2672.0, 1811.0, 1207.0, 832.0, 591.0, 440.0, 336.0, 227.0, 181.0, 117.0, 92.0, 84.0, 50.0, 42.0, 25.0, 20.0, 17.0, 10.0, 5.0, 4.0, 3.0, 1.0, 3.0, 2.0, 3.0], "bins": [-0.05741613358259201, -0.05585361644625664, -0.054291099309921265, -0.05272858217358589, -0.05116606503725052, -0.04960354417562485, -0.048041027039289474, -0.0464785099029541, -0.04491599276661873, -0.043353475630283356, -0.04179095849394798, -0.04022844135761261, -0.03866592049598694, -0.037103407084941864, -0.03554088622331619, -0.03397836908698082, -0.03241585195064545, -0.030853334814310074, -0.0292908176779747, -0.02772829867899418, -0.026165781542658806, -0.024603264406323433, -0.02304074540734291, -0.021478228271007538, -0.019915711134672165, -0.018353193998336792, -0.01679067686200142, -0.015228157863020897, -0.013665640726685524, -0.012103123590350151, -0.010540605522692204, -0.008978087455034256, -0.007415570318698883, -0.005853052716702223, -0.004290535114705563, -0.0027280175127089024, -0.0011654999107122421, 0.0003970172256231308, 0.0019595352932810783, 0.003522053360939026, 0.005084570497274399, 0.006647088099271059, 0.00820960570126772, 0.009772123768925667, 0.01133464090526104, 0.012897158041596413, 0.01445967610925436, 0.016022194176912308, 0.01758471131324768, 0.019147228449583054, 0.020709745585918427, 0.02227226458489895, 0.02383478172123432, 0.025397298857569695, 0.026959817856550217, 0.02852233499288559, 0.030084852129220963, 0.031647369265556335, 0.03320988640189171, 0.03477240353822708, 0.03633492439985275, 0.03789743781089783, 0.0394599586725235, 0.04102247580885887, 0.042584992945194244]}, "gradients/conv_layer.2.bias": {"_type": "histogram",