{"graph_0": {"_type": "graph-file", "path": "media/graph/graph_0_summary_446e42a2.graph.json", "sha256": "446e42a23593f07d6fbfc58fd527ec71f2d1729cdef9644518c00bf46896afa9", "size": 1077}, "Train Loss": 2.166581402593387, "Val Loss": 2.1654862562179567, "Train Acc": 22.455709711846318, "Val Acc": 22.816, "_runtime": 230, "_timestamp": 1620757657, "_step": 14, "gradients/fc_out.bias": {"_type": "histogram", "values": [1.0, 0.0, 0.0, 0.0, 0.0, 0.0, 0.0, 0.0, 0.0, 0.0, 0.0, 0.0, 0.0, 1.0, 0.0, 1.0, 0.0, 1.0, 0.0, 0.0, 0.0, 0.0, 0.0, 0.0, 0.0, 0.0, 0.0, 0.0, 0.0, 0.0, 0.0, 0.0, 0.0, 0.0, 0.0, 0.0, 0.0, 0.0, 0.0, 2.0, 0.0, 0.0, 0.0, 0.0, 0.0, 0.0, 1.0, 0.0, 0.0, 0.0, 1.0, 0.0, 0.0, 0.0, 0.0, 0.0, 0.0, 1.0, 0.0, 0.0, 0.0, 0.0, 0.0, 1.0], "bins": [-0.11752582341432571, -0.1145821213722229, -0.11163841187953949, -0.10869470983743668, -0.10575100034475327, -0.10280729830265045, -0.09986358880996704, -0.09691988676786423, -0.09397618472576141, -0.0910324826836586, -0.08808877319097519, -0.08514507114887238, -0.08220136165618896, -0.07925765961408615, -0.07631395757198334, -0.07337024807929993, -0.07042653858661652, -0.0674828365445137, -0.06453912705183029, -0.06159542500972748, -0.05865171551704407, -0.055708013474941254, -0.05276430770754814, -0.04982060194015503, -0.046876899898052216, -0.0439331941306591, -0.04098948836326599, -0.03804578632116318, -0.03510207682847977, -0.03215837478637695, -0.02921466901898384, -0.02627096325159073, -0.023327253758907318, -0.020383547991514206, -0.017439842224121094, -0.01449613831937313, -0.011552432551980019, -0.008608726784586906, -0.0056650228798389435, -0.0027213171124458313, 0.00022239238023757935, 0.0031660976819694042, 0.006109802983701229, 0.009053507819771767, 0.011997213587164879, 0.014940919354557991, 0.017884623259305954, 0.020828329026699066, 0.02377203106880188, 0.026715736836194992, 0.029659442603588104, 0.03260314464569092, 0.03554685413837433, 0.03849055618047714, 0.041434261947870255, 0.04437796771526337, 0.04732167348265648, 0.05026537925004959, 0.0532090850174427, 0.056152790784835815, 0.05909649282693863, 0.06204020231962204, 0.06498390436172485, 0.06792761385440826, 0.07087131589651108]}, "gradients/fc_out.weight": {"_type": "histogram", "values": [1.0, 0.0, 0.0, 1.0, 0.0, 0.0, 0.0, 0.0, 0.0, 0.0, 1.0, 1.0, 0.0, 0.0, 0.0, 1.0, 1.0, 1.0, 0.0, 4.0, 3.0, 2.0, 1.0, 1.0, 0.0, 0.0, 2.0, 4.0, 3.0, 7.0, 3.0, 4.0, 3.0, 1.0, 5.0, 4.0, 4.0, 6.0, 4.0, 3.0, 6.0, 6.0, 9.0, 56.0, 8.0, 13.0, 12.0, 9.0, 12.0, 5.0, 3.0, 7.0, 5.0, 4.0, 5.0, 2.0, 1.0, 1.0, 4.0, 1.0, 4.0, 4.0, 1.0, 1.0], "bins": [-0.07383964210748672, -0.07213382422924042, -0.07042800635099411, -0.0687221884727478, -0.0670163631439209, -0.06531054526567459, -0.06360472738742828, -0.061898909509181976, -0.06019308790564537, -0.05848727002739906, -0.05678144842386246, -0.05507563054561615, -0.05336981266736984, -0.05166399106383324, -0.04995817318558693, -0.048252351582050323, -0.046546533703804016, -0.04484071582555771, -0.0431348942220211, -0.041429076343774796, -0.03972325846552849, -0.03801743686199188, -0.036311618983745575, -0.03460580110549927, -0.03289998322725296, -0.031194163486361504, -0.029488345608115196, -0.02778252586722374, -0.026076706126332283, -0.024370886385440826, -0.02266506850719452, -0.020959248766303062, -0.019253429025411606, -0.01754760928452015, -0.015841791406273842, -0.014135971665382385, -0.012430151924490929, -0.010724333114922047, -0.009018514305353165, -0.007312694564461708, -0.0056068748235702515, -0.003901055548340082, -0.0021952365059405565, -0.0004894174635410309, 0.0012164018116891384, 0.0029222210869193077, 0.00462803989648819, 0.006333859637379646, 0.008039677515625954, 0.009745496325194836, 0.011451316066086292, 0.013157134875655174, 0.01486295461654663, 0.016568772494792938, 0.018274592235684395, 0.01998041197657585, 0.02168622985482216, 0.023392049595713615, 0.025097867473959923, 0.02680368721485138, 0.028509506955742836, 0.030215326696634293, 0.0319211445748806, 0.033626966178417206, 0.03533278405666351]}, "gradients/conv_layers.1.bias": {"_type": "histogram", "values": [0.0, 0.0, 0.0, 0.0, 0.0, 0.0, 0.0, 0.0, 0.0, 0.0, 0.0, 0.0, 0.0, 0.0, 0.0, 0.0, 0.0, 0.0, 0.0, 0.0, 0.0, 0.0, 0.0, 0.0, 0.0, 0.0, 0.0, 0.0, 0.0, 0.0, 0.0, 0.0, 1.0, 0.0, 0.0, 0.0, 0.0, 0.0, 0.0, 0.0, 0.0, 0.0, 0.0, 0.0, 0.0, 0.0, 0.0, 0.0, 0.0, 0.0, 0.0, 0.0, 0.0, 0.0, 0.0, 0.0, 0.0, 0.0, 0.0, 0.0, 0.0, 0.0, 0.0, 0.0], "bins": [0.029160309582948685, 0.029160309582948685, 0.029160309582948685, 0.029160309582948685, 0.029160309582948685, 0.029160309582948685, 0.029160309582948685, 0.029160309582948685, 0.029160309582948685, 0.029160309582948685, 0.029160309582948685, 0.029160309582948685, 0.029160309582948685, 0.029160309582948685, 0.029160309582948685, 0.029160309582948685, 0.029160309582948685, 0.029160309582948685, 0.029160309582948685, 0.029160309582948685, 0.029160309582948685, 0.029160309582948685, 0.029160309582948685, 0.029160309582948685, 0.029160309582948685, 0.029160309582948685, 0.029160309582948685, 0.029160309582948685, 0.029160309582948685, 0.029160309582948685, 0.029160309582948685, 0.029160309582948685, 0.029160309582948685, 0.029160309582948685, 0.029160309582948685, 0.029160309582948685, 0.029160309582948685, 0.029160309582948685, 0.029160309582948685, 0.029160309582948685, 0.029160309582948685, 0.029160309582948685, 0.029160309582948685, 0.029160309582948685, 0.029160309582948685, 0.029160309582948685, 0.029160309582948685, 0.029160309582948685, 0.029160309582948685, 0.029160309582948685, 0.029160309582948685, 0.029160309582948685, 0.029160309582948685, 0.029160309582948685, 0.029160309582948685, 0.029160309582948685, 0.029160309582948685, 0.029160309582948685, 0.029160309582948685, 0.029160309582948685, 0.029160309582948685, 0.029160309582948685, 0.029160309582948685, 0.029160309582948685, 0.029160309582948685]}, "gradients/conv_layers.1.weight": {"_type": "histogram", "values": [1.0, 0.0, 1.0, 0.0, 0.0, 0.0, 2.0, 0.0, 0.0, 0.0, 0.0, 0.0, 0.0, 0.0, 2.0, 0.0, 0.0, 0.0, 0.0, 0.0, 1.0, 1.0, 1.0, 0.0, 0.0, 1.0, 0.0, 0.0, 0.0, 0.0, 0.0, 0.0, 1.0, 0.0, 2.0, 1.0, 2.0, 0.0, 1.0, 0.0, 0.0, 1.0, 0.0, 0.0, 0.0, 1.0, 0.0, 1.0, 0.0, 1.0, 0.0, 1.0, 1.0, 0.0, 0.0, 0.0, 0.0, 1.0, 0.0, 0.0, 0.0, 0.0, 0.0, 1.0], "bins": [-0.06507492065429688, -0.0631660670042038, -0.06125720962882042, -0.05934835225343704, -0.057439498603343964, -0.05553064122796059, -0.05362178385257721, -0.05171293020248413, -0.04980407655239105, -0.047895219177007675, -0.0459863655269146, -0.04407750815153122, -0.04216865450143814, -0.040259797126054764, -0.03835093975067139, -0.03644208610057831, -0.03453322872519493, -0.032624371349811554, -0.030715517699718475, -0.0288066603243351, -0.02689780667424202, -0.024988949298858643, -0.023080093786120415, -0.021171238273382187, -0.01926238089799881, -0.017353525385260582, -0.015444669872522354, -0.013535813428461552, -0.011626957915723324, -0.009718102402985096, -0.0078092459589242935, -0.005900390446186066, -0.0039915405213832855, -0.002082684775814414, -0.00017382903024554253, 0.0017350269481539726, 0.0036438824608922005, 0.005552737973630428, 0.007461594417691231, 0.009370449930429459, 0.011279303580522537, 0.013188159093260765, 0.015097014605998993, 0.01700587198138237, 0.01891472563147545, 0.020823583006858826, 0.022732438519597054, 0.02464129403233528, 0.02655015140771866, 0.028459006920456886, 0.030367862433195114, 0.03227671980857849, 0.03418557345867157, 0.03609443083405495, 0.038003288209438324, 0.0399121418595314, 0.04182099550962448, 0.04372985288500786, 0.04563870653510094, 0.047547563910484314, 0.04945641756057739, 0.05136527493596077, 0.05327413231134415, 0.055182985961437225, 0.0570918433368206]}, "gradients/conv_layers.0.bias": {"_type": "histogram",