{"graph_0": {"_type": "graph-file", "path": "media/graph/graph_0_summary_478c05d7.graph.json", "sha256": "478c05d7334e6a35c4b3f0601bd4afc22938a2f4e2f764f2949f1973c3522e06", "size": 1105}, "Train Loss": 1.2633140537502163, "Val Loss": 1.477623509120941, "Train Acc": 55.80896478121665, "Val Acc": 48.8784, "_runtime": 233, "_timestamp": 1620691517, "_step": 14, "gradients/linear_layers.3.bias": {"_type": "histogram", "values": [1.0, 0.0, 0.0, 0.0, 0.0, 0.0, 0.0, 0.0, 0.0, 0.0, 0.0, 0.0, 0.0, 0.0, 0.0, 0.0, 0.0, 0.0, 0.0, 0.0, 0.0, 0.0, 0.0, 0.0, 0.0, 0.0, 0.0, 0.0, 0.0, 0.0, 0.0, 0.0, 0.0, 0.0, 0.0, 0.0, 1.0, 0.0, 0.0, 0.0, 1.0, 0.0, 0.0, 1.0, 0.0, 0.0, 0.0, 1.0, 1.0, 1.0, 0.0, 1.0, 1.0, 0.0, 0.0, 0.0, 0.0, 0.0, 0.0, 0.0, 0.0, 0.0, 0.0, 1.0], "bins": [-0.12239210307598114, -0.11958923190832138, -0.11678636819124222, -0.11398349702358246, -0.1111806333065033, -0.10837776213884354, -0.10557489097118378, -0.10277202725410461, -0.09996916353702545, -0.09716629236936569, -0.09436342865228653, -0.09156055748462677, -0.08875769376754761, -0.08595482259988785, -0.08315195143222809, -0.08034908771514893, -0.07754621654748917, -0.0747433453798294, -0.07194048166275024, -0.06913761049509048, -0.06633474677801132, -0.06353187561035156, -0.0607290081679821, -0.05792614072561264, -0.05512326955795288, -0.05232040211558342, -0.04951753467321396, -0.0467146635055542, -0.04391179978847504, -0.04110892862081528, -0.038306061178445816, -0.035503193736076355, -0.032700326293706894, -0.029897458851337433, -0.027094591408967972, -0.02429172210395336, -0.0214888546615839, -0.01868598721921444, -0.01588311791419983, -0.013080250471830368, -0.010277386754751205, -0.007474518846720457, -0.004671650938689709, -0.001868782564997673, 0.000934084877371788, 0.003736952319741249, 0.006539821624755859, 0.00934268906712532, 0.01214556023478508, 0.014948427677154541, 0.017751295119524002, 0.020554164424538612, 0.023357031866908073, 0.026159899309277534, 0.028962768614292145, 0.031765636056661606, 0.03456850349903107, 0.03737137094140053, 0.04017423838376999, 0.04297710955142975, 0.04577997326850891, 0.04858284443616867, 0.05138571187853813, 0.05418857932090759, 0.056991446763277054]}, "gradients/linear_layers.3.weight": {"_type": "histogram", "values": [1.0, 0.0, 0.0, 0.0, 0.0, 0.0, 0.0, 0.0, 0.0, 1.0, 1.0, 1.0, 0.0, 0.0, 0.0, 1.0, 3.0, 3.0, 0.0, 0.0, 1.0, 2.0, 2.0, 3.0, 1.0, 1.0, 0.0, 2.0, 1.0, 0.0, 1.0, 6.0, 2.0, 4.0, 1.0, 2.0, 2.0, 7.0, 7.0, 12.0, 19.0, 28.0, 34.0, 56.0, 127.0, 68.0, 61.0, 49.0, 40.0, 22.0, 22.0, 15.0, 13.0, 6.0, 5.0, 1.0, 1.0, 1.0, 2.0, 0.0, 0.0, 0.0, 1.0, 1.0], "bins": [-0.6606772541999817, -0.645794153213501, -0.6309109926223755, -0.6160278916358948, -0.6011447906494141, -0.5862616896629333, -0.5713785886764526, -0.5564954280853271, -0.5416123270988464, -0.5267292261123657, -0.5118460655212402, -0.4969629645347595, -0.4820798635482788, -0.4671967625617981, -0.452313631772995, -0.4374305009841919, -0.4225473999977112, -0.40766429901123047, -0.39278116822242737, -0.37789803743362427, -0.36301493644714355, -0.34813183546066284, -0.33324870467185974, -0.31836557388305664, -0.3034824728965759, -0.2885993719100952, -0.2737162411212921, -0.258833110332489, -0.2439500093460083, -0.2290668934583664, -0.2141837775707245, -0.19930066168308258, -0.18441754579544067, -0.16953442990779877, -0.15465131402015686, -0.13976819813251495, -0.12488508224487305, -0.11000196635723114, -0.09511885046958923, -0.08023573458194733, -0.06535261869430542, -0.05046950280666351, -0.035586386919021606, -0.0207032710313797, -0.005820155143737793, 0.009062960743904114, 0.02394607663154602, 0.03882919251918793, 0.053712308406829834, 0.06859542429447174, 0.08347854018211365, 0.09836165606975555, 0.11324477195739746, 0.12812788784503937, 0.14301100373268127, 0.15789411962032318, 0.1727772355079651, 0.187660351395607, 0.2025434672832489, 0.2174265831708908, 0.23230969905853271, 0.24719281494617462, 0.26207593083381653, 0.27695906162261963, 0.29184216260910034]}, "gradients/linear_layers.2.bias": {"_type": "histogram", "values": [1.0, 0.0, 0.0, 0.0, 0.0, 0.0, 0.0, 0.0, 0.0, 0.0, 0.0, 0.0, 1.0, 0.0, 2.0, 0.0, 1.0, 1.0, 2.0, 4.0, 2.0, 1.0, 1.0, 1.0, 0.0, 2.0, 2.0, 5.0, 1.0, 2.0, 3.0, 2.0, 2.0, 3.0, 1.0, 5.0, 1.0, 2.0, 2.0, 1.0, 1.0, 1.0, 1.0, 1.0, 0.0, 1.0, 0.0, 2.0, 1.0, 2.0, 1.0, 0.0, 0.0, 1.0, 0.0, 0.0, 0.0, 0.0, 0.0, 0.0, 0.0, 0.0, 0.0, 1.0], "bins": [-0.029944848269224167, -0.02903848886489868, -0.028132129460573196, -0.02722577005624771, -0.026319410651922226, -0.02541305124759674, -0.024506691843271255, -0.02360033243894577, -0.022693973034620285, -0.0217876136302948, -0.020881254225969315, -0.01997489482164383, -0.019068535417318344, -0.01816217601299286, -0.017255816608667374, -0.01634945720434189, -0.015443099662661552, -0.014536740258336067, -0.013630380854010582, -0.012724021449685097, -0.011817662045359612, -0.010911302641034126, -0.010004944168031216, -0.00909858476370573, -0.00819222629070282, -0.007285866886377335, -0.006379507482051849, -0.0054731485433876514, -0.004566789139062166, -0.003660429734736681, -0.002754070796072483, -0.0018477113917469978, -0.0009413491934537888, -3.4989905543625355e-05, 0.000871369382366538, 0.0017777285538613796, 0.002684087958186865, 0.00359044736251235, 0.004496806301176548, 0.005403165705502033, 0.006309526041150093, 0.007215885445475578, 0.008122244849801064, 0.009028604254126549, 0.009934963658452034, 0.01084132306277752, 0.01174768153578043, 0.012654040940105915, 0.013560399413108826, 0.014466758817434311, 0.015373118221759796, 0.01627947762608528, 0.017185837030410767, 0.018092196434736252, 0.018998555839061737, 0.019904915243387222, 0.020811274647712708, 0.021717634052038193, 0.022623993456363678, 0.023530352860689163, 0.02443671226501465, 0.025343071669340134, 0.02624943107366562, 0.027155790477991104, 0.02806214801967144]}, "gradients/linear_layers.2.weight": {"_type": "histogram", "values": [1.0, 0.0, 0.0, 0.0, 0.0, 1.0, 1.0, 0.0, 3.0, 2.0, 3.0, 6.0, 3.0, 11.0, 13.0, 11.0, 15.0, 19.0, 19.0, 36.0, 53.0, 56.0, 65.0, 80.0, 134.0, 129.0, 206.0, 215.0, 270.0, 318.0, 368.0, 557.0, 313.0, 233.0, 201.0, 169.0, 120.0, 90.0, 72.0, 58.0, 49.0, 43.0, 31.0, 31.0, 17.0, 12.0, 17.0, 8.0, 7.0, 4.0, 6.0, 6.0, 0.0, 1.0, 5.0, 2.0, 1.0, 1.0, 1.0, 0.0, 0.0, 2.0, 0.0, 1.0], "bins": [-0.13893935084342957, -0.13448818027973175, -0.13003700971603394, -0.12558585405349731, -0.1211346834897995, -0.11668351292610168, -0.11223234981298447, -0.10778118669986725, -0.10333001613616943, -0.09887884557247162, -0.0944276824593544, -0.08997651934623718, -0.08552534878253937, -0.08107417821884155, -0.07662301510572433, -0.07217185199260712, -0.0677206814289093, -0.06326951086521149, -0.05881834775209427, -0.05436718091368675, -0.049916014075279236, -0.04546484723687172, -0.0410136803984642, -0.036562513560056686, -0.03211134672164917, -0.027660179883241653, -0.023209013044834137, -0.01875784620642662, -0.014306679368019104, -0.009855512529611588, -0.005404345691204071, -0.0009531788527965546, 0.003497973084449768, 0.007949139922857285, 0.012400306761264801, 0.016851473599672318, 0.021302640438079834, 0.02575380727648735, 0.030204974114894867, 0.03465614095330238, 0.0391073077917099, 0.043558474630117416, 0.04800964146852493, 0.05246080830693245, 0.056911975145339966, 0.06136314198374748, 0.065814308822155, 0.07026547193527222, 0.07471664249897003, 0.07916781306266785, 0.08361897617578506, 0.08807013928890228, 0.0925213098526001, 0.09697248041629791, 0.10142364352941513, 0.10587480664253235, 0.11032597720623016, 0.11477714776992798, 0.1192283108830452, 0.12367947399616241, 0.12813064455986023, 0.13258181512355804, 0.13703298568725586, 0.14148414134979248, 0.1459353119134903]}, "gradients/linear_layers.1.bias": {"_type": "histogram",