{"graph_0": {"_type": "graph-file", "path": "media/graph/graph_0_summary_482b4328.graph.json", "sha256": "482b4328210329e8c726637eae3c4cf5aeae89f121a7055d908cf48a97b67b6d", "size": 1694}, "Train Loss": 0.4185610602681453, "Val Loss": 0.999991233054644, "Train Acc": 85.00854700854701, "Val Acc": 70.32692307692308, "_runtime": 213, "_timestamp": 1620941523, "_step": 14, "gradients/fc_out.bias": {"_type": "histogram", "values": [1.0, 0.0, 0.0, 0.0, 0.0, 0.0, 0.0, 0.0, 0.0, 0.0, 0.0, 0.0, 0.0, 0.0, 0.0, 0.0, 0.0, 0.0, 0.0, 0.0, 0.0, 0.0, 1.0, 0.0, 0.0, 0.0, 0.0, 0.0, 0.0, 0.0, 0.0, 0.0, 0.0, 0.0, 1.0, 0.0, 1.0, 0.0, 0.0, 0.0, 0.0, 0.0, 1.0, 0.0, 0.0, 0.0, 2.0, 0.0, 0.0, 0.0, 0.0, 0.0, 1.0, 0.0, 0.0, 0.0, 0.0, 0.0, 1.0, 0.0, 0.0, 0.0, 0.0, 1.0], "bins": [-0.05217950418591499, -0.05088748037815094, -0.04959545657038689, -0.04830343276262283, -0.04701140895485878, -0.04571938514709473, -0.04442736133933067, -0.04313533753156662, -0.04184330999851227, -0.040551286190748215, -0.03925926238298416, -0.03796723857522011, -0.036675214767456055, -0.035383190959692, -0.03409116715192795, -0.032799139618873596, -0.03150711953639984, -0.030215095728635788, -0.028923071920871735, -0.02763104811310768, -0.026339024305343628, -0.025047000497579575, -0.023754974827170372, -0.02246295101940632, -0.021170927211642265, -0.019878903403878212, -0.01858687959611416, -0.017294855788350105, -0.016002830117940903, -0.014710807241499424, -0.013418782502412796, -0.012126758694648743, -0.010834731161594391, -0.009542707353830338, -0.008250683546066284, -0.006958658806979656, -0.005666634999215603, -0.0043746111914515495, -0.003082586918026209, -0.0017905626446008682, -0.0004985388368368149, 0.0007934852037578821, 0.002085509244352579, 0.003377533284947276, 0.004669557325541973, 0.0059615811333060265, 0.007253605406731367, 0.008545629680156708, 0.009837653487920761, 0.011129677295684814, 0.012421701103448868, 0.013713725842535496, 0.015005749650299549, 0.016297772526741028, 0.01758979819715023, 0.018881822004914284, 0.020173845812678337, 0.02146586962044239, 0.022757893428206444, 0.024049917235970497, 0.0253419429063797, 0.026633966714143753, 0.027925990521907806, 0.02921801432967186, 0.030510038137435913]}, "gradients/fc_out.weight": {"_type": "histogram", "values": [1.0, 0.0, 0.0, 1.0, 0.0, 4.0, 0.0, 2.0, 0.0, 2.0, 5.0, 3.0, 4.0, 3.0, 11.0, 10.0, 4.0, 17.0, 13.0, 17.0, 24.0, 22.0, 44.0, 57.0, 62.0, 86.0, 119.0, 161.0, 231.0, 295.0, 426.0, 601.0, 933.0, 1580.0, 3878.0, 67358.0, 2752.0, 1199.0, 690.0, 435.0, 271.0, 186.0, 118.0, 70.0, 52.0, 42.0, 37.0, 24.0, 19.0, 11.0, 7.0, 6.0, 7.0, 5.0, 3.0, 2.0, 1.0, 1.0, 1.0, 1.0, 2.0, 0.0, 3.0, 1.0], "bins": [-0.08855721354484558, -0.08603527396917343, -0.08351333439350128, -0.08099139481782913, -0.07846945524215698, -0.07594751566648483, -0.07342557609081268, -0.07090364396572113, -0.06838169693946838, -0.06585975736379623, -0.06333781778812408, -0.060815878212451935, -0.058293938636779785, -0.055771999061107635, -0.053250063210725784, -0.050728123635053635, -0.04820618778467178, -0.045684248208999634, -0.043162308633327484, -0.040640369057655334, -0.038118429481983185, -0.035596489906311035, -0.033074554055929184, -0.030552614480257034, -0.028030674904584885, -0.025508735328912735, -0.022986795753240585, -0.020464858040213585, -0.017942918464541435, -0.015420978888869286, -0.01289904024451971, -0.010377101600170135, -0.007855169475078583, -0.00533323036506772, -0.002811291255056858, -0.0002893521450459957, 0.0022325869649648666, 0.004754526540637016, 0.007276465184986591, 0.009798403829336166, 0.012320343405008316, 0.014842282980680466, 0.017364222556352615, 0.019886160269379616, 0.022408099845051765, 0.024930039420723915, 0.027451977133750916, 0.029973916709423065, 0.032495856285095215, 0.035017795860767365, 0.037539735436439514, 0.040061675012111664, 0.042583614587783813, 0.04510555416345596, 0.047627490013837814, 0.050149429589509964, 0.052671369165182114, 0.05519330874085426, 0.05771524831652641, 0.06023718789219856, 0.06275912374258041, 0.06528106331825256, 0.06780300289392471, 0.07032494246959686, 0.07284688204526901]}, "gradients/conv_layer.5.bias": {"_type": "histogram", "values": [1.0, 0.0, 1.0, 0.0, 0.0, 0.0, 0.0, 0.0, 1.0, 0.0, 0.0, 0.0, 0.0, 0.0, 0.0, 0.0, 0.0, 0.0, 1.0, 0.0, 2.0, 1.0, 2.0, 0.0, 2.0, 4.0, 2.0, 3.0, 2.0, 4.0, 2.0, 3.0, 2.0, 4.0, 6.0, 29.0, 5.0, 7.0, 5.0, 3.0, 4.0, 5.0, 5.0, 1.0, 4.0, 0.0, 2.0, 1.0, 3.0, 3.0, 1.0, 2.0, 0.0, 0.0, 0.0, 1.0, 1.0, 0.0, 0.0, 1.0, 0.0, 1.0, 0.0, 1.0], "bins": [-0.08726304769515991, -0.08481676131486893, -0.08237048238515854, -0.07992419600486755, -0.07747790962457657, -0.07503162324428558, -0.0725853443145752, -0.07013905793428421, -0.06769277155399323, -0.06524648517370224, -0.06280020624399185, -0.06035391986370087, -0.05790763348340988, -0.055461350828409195, -0.05301506817340851, -0.05056878179311752, -0.048122502863407135, -0.04567622020840645, -0.04322993382811546, -0.04078365117311478, -0.03833736479282379, -0.035891082137823105, -0.03344479948282242, -0.030998514965176582, -0.028552230447530746, -0.02610594592988491, -0.023659661412239075, -0.021213378757238388, -0.018767094239592552, -0.016320809721946716, -0.013874526135623455, -0.011428242549300194, -0.008981965482234955, -0.006535681430250406, -0.004089397378265858, -0.0016431133262813091, 0.0008031707257032394, 0.0032494552433490753, 0.005695738829672337, 0.008142022415995598, 0.010588306933641434, 0.01303459145128727, 0.01548087503761053, 0.017927158623933792, 0.020373443141579628, 0.022819727659225464, 0.02526601031422615, 0.027712294831871986, 0.030158579349517822, 0.03260486200451851, 0.035051148384809494, 0.03749743103981018, 0.039943717420101166, 0.04239000007510185, 0.04483628273010254, 0.047282569110393524, 0.04972885176539421, 0.0521751344203949, 0.05462142080068588, 0.05706770345568657, 0.059513986110687256, 0.06196027249097824, 0.06440655887126923, 0.06685283780097961, 0.0692991241812706]}, "gradients/conv_layer.5.weight": {"_type": "histogram", "values": [4.0, 2.0, 3.0, 2.0, 6.0, 8.0, 13.0, 14.0, 18.0, 20.0, 18.0, 47.0, 59.0, 99.0, 192.0, 378.0, 758.0, 1638.0, 4259.0, 13768.0, 155994.0, 18269.0, 5149.0, 2010.0, 828.0, 416.0, 259.0, 149.0, 87.0, 58.0, 37.0, 39.0, 23.0, 20.0, 17.0, 28.0, 17.0, 20.0, 18.0, 6.0, 5.0, 1.0, 0.0, 4.0, 2.0, 1.0, 3.0, 3.0, 2.0, 4.0, 3.0, 1.0, 1.0, 0.0, 0.0, 2.0, 1.0, 5.0, 5.0, 2.0, 1.0, 1.0, 1.0, 2.0], "bins": [-0.06029359996318817, -0.057370346039533615, -0.05444709211587906, -0.0515238419175148, -0.048600587993860245, -0.04567733407020569, -0.04275408387184143, -0.039830829948186874, -0.03690757602453232, -0.03398432210087776, -0.031061070039868355, -0.028137817978858948, -0.02521456405520439, -0.022291310131549835, -0.019368058070540428, -0.01644480600953102, -0.013521552085876465, -0.010598299093544483, -0.0076750461012125015, -0.00475179310888052, -0.0018285401165485382, 0.0010947128757834435, 0.004017965868115425, 0.006941217929124832, 0.009864471852779388, 0.01278772484511137, 0.015710977837443352, 0.01863422989845276, 0.021557483822107315, 0.02448073774576187, 0.02740398980677128, 0.030327241867780685, 0.03325049579143524, 0.0361737497150898, 0.039097003638744354, 0.04202025383710861, 0.04494350776076317, 0.047866761684417725, 0.05079001188278198, 0.05371326580643654, 0.056636519730091095, 0.05955977365374565, 0.06248302757740021, 0.06540627777576447, 0.06832952797412872, 0.07125278562307358, 0.07417603582143784, 0.07709929347038269, 0.08002254366874695, 0.0829457938671112, 0.08586905151605606, 0.08879230171442032, 0.09171555936336517, 0.09463880956172943, 0.09756205976009369, 0.10048530995845795, 0.1034085676074028, 0.10633181780576706, 0.10925507545471191, 0.11217832565307617, 0.11510157585144043, 0.11802483350038528, 0.12094808369874954, 0.1238713413476944, 0.12679459154605865]}, "gradients/conv_layer.2.bias": {"_type": "histogram",