{"graph_0": {"_type": "graph-file", "path": "media/graph/graph_0_summary_fa946d50.graph.json", "sha256": "fa946d501ec560b25e7c6da7236a84424f32505306a78cebf65951775633d2b6", "size": 1942}, "Train Loss": 0.4321542285446428, "Val Loss": 1.0416480492895994, "Train Acc": 84.80341880341881, "Val Acc": 69.44551282051282, "_runtime": 257, "_timestamp": 1620942629, "_step": 14, "gradients/fc_out.bias": {"_type": "histogram", "values": [1.0, 0.0, 0.0, 0.0, 0.0, 0.0, 1.0, 0.0, 0.0, 0.0, 0.0, 1.0, 1.0, 0.0, 0.0, 0.0, 1.0, 0.0, 0.0, 0.0, 0.0, 0.0, 0.0, 0.0, 0.0, 0.0, 1.0, 0.0, 0.0, 0.0, 0.0, 1.0, 0.0, 0.0, 1.0, 1.0, 0.0, 0.0, 0.0, 0.0, 0.0, 0.0, 0.0, 0.0, 0.0, 0.0, 0.0, 0.0, 0.0, 0.0, 0.0, 0.0, 0.0, 0.0, 0.0, 0.0, 0.0, 0.0, 0.0, 0.0, 0.0, 0.0, 0.0, 1.0], "bins": [-0.03041059896349907, -0.02913738787174225, -0.027864176779985428, -0.026590965688228607, -0.025317754596471786, -0.024044543504714966, -0.022771334275603294, -0.021498123183846474, -0.020224912092089653, -0.018951701000332832, -0.01767848990857601, -0.01640527881681919, -0.015132068656384945, -0.013858857564628124, -0.012585647404193878, -0.011312436312437057, -0.010039225220680237, -0.008766014128923416, -0.007492803502827883, -0.006219592876732349, -0.004946381784975529, -0.003673170693218708, -0.0023999600671231747, -0.0011267494410276413, 0.00014646165072917938, 0.0014196725096553564, 0.0026928833685815334, 0.003966093994677067, 0.0052393050864338875, 0.006512516178190708, 0.0077857268042862415, 0.009058937430381775, 0.010332148522138596, 0.011605359613895416, 0.012878570705652237, 0.014151780866086483, 0.015424991957843304, 0.0166982039809227, 0.01797141321003437, 0.01924462430179119, 0.020517835393548012, 0.021791046485304832, 0.023064257577061653, 0.024337468668818474, 0.025610677897930145, 0.026883888989686966, 0.028157100081443787, 0.029430311173200607, 0.030703522264957428, 0.03197673335671425, 0.03324994444847107, 0.03452315554022789, 0.03579636663198471, 0.03706957772374153, 0.03834278881549835, 0.039615996181964874, 0.04088921099901199, 0.042162422090768814, 0.043435633182525635, 0.044708844274282455, 0.045982055366039276, 0.0472552664577961, 0.04852847754955292, 0.04980168491601944, 0.05107489600777626]}, "gradients/fc_out.weight": {"_type": "histogram", "values": [1.0, 0.0, 1.0, 0.0, 2.0, 1.0, 0.0, 1.0, 2.0, 0.0, 2.0, 3.0, 2.0, 3.0, 7.0, 11.0, 8.0, 10.0, 6.0, 6.0, 8.0, 13.0, 26.0, 28.0, 27.0, 48.0, 47.0, 79.0, 93.0, 127.0, 206.0, 402.0, 8007.0, 436.0, 208.0, 122.0, 84.0, 51.0, 43.0, 19.0, 18.0, 10.0, 14.0, 5.0, 6.0, 7.0, 3.0, 4.0, 3.0, 6.0, 2.0, 2.0, 1.0, 4.0, 2.0, 4.0, 1.0, 2.0, 0.0, 4.0, 0.0, 1.0, 0.0, 1.0], "bins": [-0.19951219856739044, -0.19331452250480652, -0.1871168464422226, -0.18091917037963867, -0.17472147941589355, -0.16852380335330963, -0.1623261272907257, -0.15612845122814178, -0.14993077516555786, -0.14373309910297394, -0.13753542304039001, -0.1313377469778061, -0.12514007091522217, -0.11894238740205765, -0.11274470388889313, -0.1065470278263092, -0.10034935176372528, -0.09415167570114136, -0.08795399963855743, -0.08175631612539291, -0.07555864006280899, -0.06936096400022507, -0.06316328048706055, -0.056965604424476624, -0.0507679283618927, -0.04457025229930878, -0.038372572511434555, -0.03217489272356033, -0.02597721666097641, -0.019779538735747337, -0.013581860810518265, -0.007384181022644043, -0.0011864900588989258, 0.005011187866330147, 0.01120886579155922, 0.017406543716788292, 0.023604221642017365, 0.029801899567246437, 0.03599957749247551, 0.04219725728034973, 0.048394933342933655, 0.05459260940551758, 0.0607902891933918, 0.06698796898126602, 0.07318564504384995, 0.07938332110643387, 0.08558100461959839, 0.09177868068218231, 0.09797635674476624, 0.10417403280735016, 0.11037170886993408, 0.1165693923830986, 0.12276706844568253, 0.12896475195884705, 0.13516242802143097, 0.1413601040840149, 0.14755778014659882, 0.15375545620918274, 0.15995313227176666, 0.16615080833435059, 0.1723484992980957, 0.17854617536067963, 0.18474385142326355, 0.19094152748584747, 0.1971392035484314]}, "gradients/conv_layer.7.bias": {"_type": "histogram", "values": [1.0, 0.0, 0.0, 1.0, 0.0, 0.0, 1.0, 1.0, 0.0, 1.0, 2.0, 2.0, 1.0, 4.0, 0.0, 4.0, 2.0, 2.0, 3.0, 5.0, 3.0, 4.0, 5.0, 8.0, 4.0, 10.0, 7.0, 5.0, 8.0, 94.0, 6.0, 6.0, 5.0, 8.0, 8.0, 3.0, 2.0, 4.0, 4.0, 2.0, 1.0, 6.0, 4.0, 2.0, 4.0, 3.0, 1.0, 0.0, 0.0, 1.0, 1.0, 1.0, 0.0, 1.0, 0.0, 1.0, 0.0, 0.0, 0.0, 0.0, 1.0, 0.0, 1.0, 2.0], "bins": [-0.01866360753774643, -0.018025562167167664, -0.017387518659234047, -0.01674947328865528, -0.016111427918076515, -0.015473383478820324, -0.014835339039564133, -0.014197293668985367, -0.013559248298406601, -0.01292120385915041, -0.012283158488571644, -0.011645114049315453, -0.011007068678736687, -0.010369024239480495, -0.009730979800224304, -0.009092934429645538, -0.008454889990389347, -0.007816845551133156, -0.00717880018055439, -0.006540755741298199, -0.005902710370719433, -0.005264665931463242, -0.004626621026545763, -0.0039885761216282845, -0.003350531682372093, -0.0027124867774546146, -0.002074441872537136, -0.0014363972004503012, -0.0007983522955328226, -0.00016030739061534405, 0.00047773728147149086, 0.0011157821863889694, 0.0017538275569677353, 0.002391872461885214, 0.0030299173668026924, 0.0036679620388895273, 0.0043060071766376495, 0.004944051615893841, 0.005582096520811319, 0.006220141425728798, 0.006858186796307564, 0.007496231701225042, 0.008134276606142521, 0.008772321045398712, 0.009410366415977478, 0.01004841085523367, 0.01068645529448986, 0.011324500665068626, 0.011962545104324818, 0.012600589543581009, 0.013238634914159775, 0.013876679353415966, 0.014514724723994732, 0.015152769163250923, 0.01579081453382969, 0.016428858041763306, 0.01706690341234207, 0.017704948782920837, 0.018342992290854454, 0.01898103766143322, 0.019619083032011986, 0.02025712840259075, 0.02089517191052437, 0.021533217281103134, 0.0221712626516819]}, "gradients/conv_layer.7.weight": {"_type": "histogram", "values": [1.0, 1.0, 0.0, 1.0, 0.0, 1.0, 0.0, 1.0, 1.0, 2.0, 0.0, 5.0, 6.0, 8.0, 8.0, 15.0, 21.0, 25.0, 45.0, 49.0, 85.0, 114.0, 181.0, 239.0, 392.0, 667.0, 1155.0, 2009.0, 3771.0, 8644.0, 28416.0, 735937.0, 20347.0, 7415.0, 3630.0, 1974.0, 1201.0, 802.0, 528.0, 403.0, 289.0, 214.0, 141.0, 114.0, 91.0, 64.0, 52.0, 32.0, 28.0, 24.0, 18.0, 7.0, 6.0, 5.0, 1.0, 4.0, 6.0, 1.0, 0.0, 0.0, 2.0, 0.0, 0.0, 1.0], "bins": [-0.05512688681483269, -0.053374994546175, -0.05162310227751732, -0.049871206283569336, -0.04811931401491165, -0.04636742174625397, -0.04461552947759628, -0.0428636372089386, -0.041111741214990616, -0.03935984894633293, -0.03760795667767525, -0.035856060683727264, -0.03410416841506958, -0.032352276146411896, -0.03060038387775421, -0.028848489746451378, -0.027096597477793694, -0.02534470520913601, -0.023592811077833176, -0.02184091880917549, -0.020089024677872658, -0.018337132409214973, -0.01658523827791214, -0.014833346009254456, -0.013081453740596771, -0.011329560540616512, -0.009577667340636253, -0.007825775071978569, -0.006073881406337023, -0.004321988672018051, -0.002570095472037792, -0.0008182022720575333, 0.0009336918592453003, 0.0026855850592255592, 0.004437478259205818, 0.00618937099352479, 0.007941264659166336, 0.00969315692782402, 0.01144505012780428, 0.013196943327784538, 0.014948837459087372, 0.016700729727745056, 0.01845262385904789, 0.020204516127705574, 0.021956410259008408, 0.023708302527666092, 0.025460194796323776, 0.02721208892762661, 0.028963981196284294, 0.03071587346494198, 0.03246776759624481, 0.034219659864902496, 0.03597155213356018, 0.037723444402217865, 0.03947534039616585, 0.04122723266482353, 0.042979124933481216, 0.0447310172021389, 0.046482909470796585, 0.04823480546474457, 0.04998669773340225, 0.051738590002059937, 0.05349048227071762, 0.055242374539375305, 0.05699427053332329]}, "gradients/conv_layer.5.bias": {"_type": "histogram",