{"graph_0": {"_type": "graph-file", "path": "media/graph/graph_0_summary_0e9b3f32.graph.json", "sha256": "0e9b3f326867d1993fa80b764552ec6055ec740434150a0be0414e0ac3199159", "size": 1694}, "Train Loss": 0.864897445608408, "Val Loss": 0.9416590781930165, "Train Acc": 69.80128205128206, "Val Acc": 67.24679487179488, "_runtime": 215, "_timestamp": 1620949624, "_step": 14, "gradients/fc_out.bias": {"_type": "histogram", "values": [1.0, 0.0, 0.0, 0.0, 0.0, 0.0, 0.0, 0.0, 0.0, 0.0, 0.0, 0.0, 0.0, 0.0, 0.0, 0.0, 0.0, 1.0, 0.0, 0.0, 2.0, 0.0, 0.0, 0.0, 0.0, 0.0, 0.0, 0.0, 0.0, 0.0, 1.0, 0.0, 0.0, 0.0, 1.0, 0.0, 0.0, 0.0, 0.0, 0.0, 0.0, 0.0, 0.0, 0.0, 0.0, 0.0, 0.0, 0.0, 0.0, 0.0, 1.0, 0.0, 0.0, 0.0, 0.0, 1.0, 0.0, 0.0, 0.0, 0.0, 0.0, 1.0, 0.0, 1.0], "bins": [-0.04024585336446762, -0.039114199578762054, -0.03798254579305649, -0.03685089200735092, -0.035719238221645355, -0.03458758443593979, -0.03345593065023422, -0.032324276864528656, -0.03119262121617794, -0.030060967430472374, -0.028929313644766808, -0.02779765985906124, -0.026666004210710526, -0.02553435042500496, -0.024402696639299393, -0.023271042853593826, -0.02213938906788826, -0.021007735282182693, -0.019876081496477127, -0.01874442771077156, -0.017612773925065994, -0.016481120139360428, -0.015349464491009712, -0.014217810705304146, -0.01308615691959858, -0.011954503133893013, -0.010822849348187447, -0.009691194631159306, -0.00855954084545374, -0.007427887059748173, -0.006296232808381319, -0.005164578557014465, -0.004032924771308899, -0.002901270752772689, -0.0017696167342364788, -0.0006379627157002687, 0.0004936913028359413, 0.0016253450885415077, 0.0027569993399083614, 0.003888653591275215, 0.0050203073769807816, 0.006151961162686348, 0.007283615414053202, 0.008415269665420055, 0.009546923451125622, 0.010678577236831188, 0.01181023195385933, 0.012941885739564896, 0.014073539525270462, 0.015205193310976028, 0.016336847096681595, 0.01746850088238716, 0.018600154668092728, 0.019731808453798294, 0.02086346410214901, 0.021995117887854576, 0.023126771673560143, 0.02425842545926571, 0.025390079244971275, 0.026521733030676842, 0.027653388679027557, 0.028785042464733124, 0.02991669625043869, 0.031048350036144257, 0.03218000382184982]}, "gradients/fc_out.weight": {"_type": "histogram", "values": [2.0, 1.0, 0.0, 4.0, 2.0, 1.0, 1.0, 0.0, 6.0, 4.0, 7.0, 10.0, 6.0, 18.0, 22.0, 37.0, 35.0, 41.0, 67.0, 85.0, 90.0, 142.0, 215.0, 255.0, 319.0, 398.0, 537.0, 685.0, 953.0, 1212.0, 1557.0, 1905.0, 2543.0, 3189.0, 4027.0, 5464.0, 19036.0, 13300.0, 8319.0, 5508.0, 3790.0, 2469.0, 1697.0, 1128.0, 835.0, 563.0, 378.0, 323.0, 240.0, 139.0, 95.0, 80.0, 47.0, 50.0, 22.0, 14.0, 15.0, 7.0, 5.0, 9.0, 2.0, 5.0, 3.0, 1.0], "bins": [-0.10988514125347137, -0.10689373314380646, -0.10390232503414154, -0.10091091692447662, -0.0979195088148117, -0.09492810070514679, -0.09193669259548187, -0.08894528448581696, -0.08595387637615204, -0.08296246826648712, -0.0799710601568222, -0.07697965204715729, -0.07398824393749237, -0.07099683582782745, -0.06800542771816254, -0.06501401960849762, -0.0620226189494133, -0.05903121083974838, -0.056039802730083466, -0.05304839462041855, -0.05005698651075363, -0.047065578401088715, -0.044074174016714096, -0.04108276590704918, -0.03809136152267456, -0.035099953413009644, -0.03210854530334473, -0.02911713905632496, -0.026125730946660042, -0.023134322836995125, -0.020142916589975357, -0.01715150848031044, -0.014160096645355225, -0.011168688535690308, -0.008177281357347965, -0.005185874179005623, -0.002194466069340706, 0.0007969420403242111, 0.003788348287343979, 0.006779756397008896, 0.009771168231964111, 0.012762576341629028, 0.015753984451293945, 0.018745390698313713, 0.02173679880797863, 0.024728206917643547, 0.027719613164663315, 0.030711021274328232, 0.03370242565870285, 0.03669383376836777, 0.039685241878032684, 0.0426766499876976, 0.04566805809736252, 0.048659466207027435, 0.051650870591402054, 0.05464227870106697, 0.05763368681073189, 0.060625094920396805, 0.06361649930477142, 0.06660790741443634, 0.06959931552410126, 0.07259072363376617, 0.07558213174343109, 0.07857353985309601, 0.08156494796276093]}, "gradients/conv_layer.5.bias": {"_type": "histogram", "values": [3.0, 0.0, 0.0, 0.0, 0.0, 0.0, 0.0, 0.0, 0.0, 1.0, 2.0, 1.0, 2.0, 1.0, 1.0, 0.0, 4.0, 1.0, 4.0, 2.0, 5.0, 2.0, 4.0, 3.0, 4.0, 1.0, 4.0, 1.0, 2.0, 3.0, 5.0, 2.0, 2.0, 14.0, 3.0, 3.0, 6.0, 1.0, 4.0, 5.0, 5.0, 2.0, 1.0, 3.0, 1.0, 1.0, 2.0, 1.0, 3.0, 2.0, 2.0, 2.0, 2.0, 1.0, 0.0, 0.0, 1.0, 0.0, 0.0, 0.0, 1.0, 1.0, 0.0, 1.0], "bins": [-0.042407069355249405, -0.04114515706896782, -0.039883241057395935, -0.03862132877111435, -0.037359416484832764, -0.03609750419855118, -0.034835588186979294, -0.03357367590069771, -0.03231176361441612, -0.031049849465489388, -0.029787937179207802, -0.028526023030281067, -0.02726411074399948, -0.026002196595072746, -0.02474028244614601, -0.023478370159864426, -0.02221645601093769, -0.020954541862010956, -0.01969262957572937, -0.018430715426802635, -0.01716880314052105, -0.015906888991594315, -0.014644975773990154, -0.013383062556385994, -0.012121148407459259, -0.010859235189855099, -0.009597321972250938, -0.008335407823324203, -0.0070734950713813305, -0.00581158185377717, -0.0045496681705117226, -0.0032877549529075623, -0.0020258426666259766, -0.0007639293326064944, 0.0004979840014129877, 0.0017598974518477917, 0.003021810669451952, 0.004283723887056112, 0.00554563757032156, 0.00680755078792572, 0.008069463074207306, 0.009331376291811466, 0.010593289509415627, 0.011855203658342361, 0.013117115944623947, 0.014379030093550682, 0.015640944242477417, 0.016902856528759003, 0.018164770677685738, 0.019426684826612473, 0.020688597112894058, 0.021950511261820793, 0.02321242354810238, 0.024474337697029114, 0.0257362499833107, 0.026998164132237434, 0.02826007828116417, 0.029521992430090904, 0.03078390471637249, 0.032045818865299225, 0.03330773115158081, 0.034569643437862396, 0.03583155944943428, 0.037093471735715866, 0.03835538402199745]}, "gradients/conv_layer.5.weight": {"_type": "histogram", "values": [8.0, 11.0, 15.0, 18.0, 27.0, 26.0, 37.0, 63.0, 73.0, 118.0, 152.0, 232.0, 350.0, 498.0, 690.0, 1028.0, 1493.0, 2251.0, 3114.0, 4360.0, 6125.0, 8281.0, 10974.0, 14043.0, 17091.0, 19950.0, 37995.0, 17929.0, 15483.0, 11966.0, 8953.0, 6538.0, 4585.0, 3204.0, 2217.0, 1479.0, 1080.0, 779.0, 475.0, 369.0, 220.0, 165.0, 104.0, 88.0, 44.0, 28.0, 20.0, 14.0, 11.0, 8.0, 4.0, 5.0, 2.0, 1.0, 0.0, 1.0, 1.0, 0.0, 2.0, 0.0, 0.0, 0.0, 1.0, 1.0], "bins": [-0.03147260099649429, -0.03028077259659767, -0.02908894419670105, -0.027897115796804428, -0.026705285534262657, -0.025513457134366035, -0.024321628734469414, -0.023129798471927643, -0.02193797007203102, -0.0207461416721344, -0.019554313272237778, -0.018362484872341156, -0.017170654609799385, -0.015978826209902763, -0.014786997810006142, -0.013595168478786945, -0.012403341010212898, -0.011211512610316277, -0.01001968327909708, -0.008827854879200459, -0.0076360260136425495, -0.0064441971480846405, -0.005252368748188019, -0.0040605394169688225, -0.0028687119483947754, -0.0016768831992521882, -0.000485054450109601, 0.0007067741826176643, 0.0018986030481755733, 0.0030904319137334824, 0.004282260313630104, 0.0054740896448493, 0.006665918976068497, 0.007857747375965118, 0.009049576707184315, 0.010241405107080936, 0.011433234438300133, 0.012625062838196754, 0.013816891238093376, 0.015008720569312572, 0.01620054990053177, 0.01739237830042839, 0.018584206700325012, 0.019776035100221634, 0.020967865362763405, 0.022159693762660027, 0.023351522162556648, 0.02454335242509842, 0.02573517896234989, 0.026927007362246513, 0.028118835762143135, 0.029310666024684906, 0.030502494424581528, 0.03169432282447815, 0.03288615122437477, 0.03407797962427139, 0.035269808024168015, 0.036461636424064636, 0.03765346482396126, 0.03884529322385788, 0.0400371216237545, 0.04122895002365112, 0.04242078214883804, 0.043612610548734665, 0.04480443894863129]}, "gradients/conv_layer.2.bias": {"_type": "histogram",