{"graph_0": {"_type": "graph-file", "path": "media/graph/graph_0_summary_8dc939db.graph.json", "sha256": "8dc939dbb8d1b979abf85d3ab24418f95ad86b59bbf3df00357a862415492632", "size": 1694}, "Train Loss": 0.9291003569323792, "Val Loss": 0.9220661946978325, "Train Acc": 67.76495726495726, "Val Acc": 68.63461538461539, "_runtime": 296, "_timestamp": 1620949238, "_step": 14, "gradients/fc_out.bias": {"_type": "histogram", "values": [1.0, 0.0, 0.0, 0.0, 0.0, 0.0, 0.0, 0.0, 0.0, 0.0, 0.0, 0.0, 0.0, 0.0, 0.0, 0.0, 0.0, 0.0, 0.0, 0.0, 0.0, 0.0, 1.0, 0.0, 0.0, 1.0, 0.0, 0.0, 0.0, 1.0, 0.0, 1.0, 0.0, 0.0, 0.0, 0.0, 0.0, 0.0, 0.0, 1.0, 1.0, 0.0, 0.0, 0.0, 0.0, 1.0, 0.0, 0.0, 1.0, 0.0, 0.0, 0.0, 0.0, 0.0, 0.0, 0.0, 0.0, 0.0, 0.0, 0.0, 0.0, 0.0, 0.0, 1.0], "bins": [-0.05530901998281479, -0.053715724498033524, -0.05212243273854256, -0.05052913725376129, -0.048935845494270325, -0.04734255000948906, -0.045749254524707794, -0.04415596276521683, -0.04256266728043556, -0.0409693717956543, -0.03937608003616333, -0.037782784551382065, -0.0361894890666008, -0.03459619730710983, -0.03300290182232857, -0.0314096063375473, -0.029816314578056335, -0.02822302095592022, -0.026629727333784103, -0.025036431849002838, -0.023443138226866722, -0.021849844604730606, -0.02025654911994934, -0.018663255497813225, -0.01706996187567711, -0.015476668253540993, -0.013883373700082302, -0.012290079146623611, -0.010696785524487495, -0.00910349190235138, -0.007510197348892689, -0.005916902795433998, -0.004323609173297882, -0.0027303150855004787, -0.0011370209977030754, 0.0004562730900943279, 0.0020495671778917313, 0.0036428608000278473, 0.005236155353486538, 0.006829449906945229, 0.008422743529081345, 0.01001603715121746, 0.011609331704676151, 0.013202626258134842, 0.014795919880270958, 0.016389213502407074, 0.01798250898718834, 0.019575802609324455, 0.02116909623146057, 0.022762389853596687, 0.024355683475732803, 0.02594897896051407, 0.027542272582650185, 0.0291355662047863, 0.030728861689567566, 0.03232215344905853, 0.0339154489338398, 0.03550874441862106, 0.03710203617811203, 0.038695331662893295, 0.04028862714767456, 0.04188191890716553, 0.04347521439194679, 0.04506850987672806, 0.046661801636219025]}, "gradients/fc_out.weight": {"_type": "histogram", "values": [1.0, 0.0, 0.0, 0.0, 0.0, 0.0, 0.0, 3.0, 1.0, 2.0, 4.0, 5.0, 0.0, 2.0, 6.0, 12.0, 16.0, 9.0, 14.0, 24.0, 35.0, 41.0, 58.0, 56.0, 91.0, 121.0, 147.0, 211.0, 266.0, 375.0, 495.0, 687.0, 930.0, 1244.0, 1856.0, 51420.0, 16005.0, 3876.0, 1650.0, 835.0, 478.0, 278.0, 189.0, 126.0, 83.0, 67.0, 62.0, 31.0, 23.0, 20.0, 16.0, 14.0, 7.0, 8.0, 4.0, 4.0, 2.0, 4.0, 0.0, 0.0, 2.0, 1.0, 1.0, 2.0], "bins": [-0.06261871755123138, -0.06087500602006912, -0.05913129448890686, -0.0573875829577446, -0.055643871426582336, -0.053900159895420074, -0.05215644836425781, -0.05041273683309555, -0.04866902530193329, -0.04692531377077103, -0.045181602239608765, -0.0434378907084465, -0.04169417917728424, -0.03995046764612198, -0.03820675611495972, -0.036463044583797455, -0.03471933305263519, -0.03297562152147293, -0.03123190999031067, -0.029488198459148407, -0.027744486927986145, -0.026000775396823883, -0.02425706386566162, -0.02251335233449936, -0.020769640803337097, -0.019025929272174835, -0.017282217741012573, -0.015538506209850311, -0.01379479467868805, -0.012051083147525787, -0.010307371616363525, -0.008563660085201263, -0.0068199485540390015, -0.0050762370228767395, -0.0033325254917144775, -0.0015888139605522156, 0.0001548975706100464, 0.0018986091017723083, 0.0036423206329345703, 0.005386032164096832, 0.007129743695259094, 0.008873455226421356, 0.010617166757583618, 0.01236087828874588, 0.014104589819908142, 0.015848301351070404, 0.017592012882232666, 0.019335724413394928, 0.02107943594455719, 0.022823147475719452, 0.024566859006881714, 0.026310570538043976, 0.028054282069206238, 0.0297979936003685, 0.03154170513153076, 0.033285416662693024, 0.035029128193855286, 0.03677283972501755, 0.03851655125617981, 0.04026026278734207, 0.042003974318504333, 0.043747685849666595, 0.04549139738082886, 0.04723510891199112, 0.04897882044315338]}, "gradients/conv_layer.5.bias": {"_type": "histogram", "values": [1.0, 1.0, 0.0, 0.0, 0.0, 0.0, 1.0, 0.0, 1.0, 1.0, 1.0, 1.0, 2.0, 1.0, 1.0, 3.0, 0.0, 2.0, 3.0, 1.0, 2.0, 2.0, 2.0, 4.0, 8.0, 9.0, 38.0, 9.0, 4.0, 4.0, 4.0, 2.0, 3.0, 4.0, 1.0, 2.0, 2.0, 1.0, 1.0, 0.0, 1.0, 1.0, 2.0, 0.0, 1.0, 0.0, 0.0, 0.0, 0.0, 0.0, 0.0, 0.0, 0.0, 0.0, 0.0, 0.0, 0.0, 0.0, 0.0, 0.0, 0.0, 0.0, 0.0, 1.0], "bins": [-0.14418751001358032, -0.13878510892391205, -0.13338269293308258, -0.1279802918434143, -0.12257787585258484, -0.11717546731233597, -0.1117730587720871, -0.10637065768241882, -0.10096824169158936, -0.09556583315134048, -0.09016342461109161, -0.08476101607084274, -0.07935860753059387, -0.073956198990345, -0.06855379045009613, -0.06315138936042786, -0.057748980820178986, -0.052346572279930115, -0.046944163739681244, -0.04154175519943237, -0.0361393466591835, -0.03073693998157978, -0.02533453330397606, -0.019932124763727188, -0.014529719948768616, -0.009127311408519745, -0.0037249037995934486, 0.0016775038093328476, 0.0070799123495817184, 0.01248232088983059, 0.01788472756743431, 0.023287136107683182, 0.02868954837322235, 0.03409195691347122, 0.03949436545372009, 0.044896773993968964, 0.050299182534217834, 0.055701591074466705, 0.06110399588942528, 0.06650640070438385, 0.07190881669521332, 0.07731122523546219, 0.08271363377571106, 0.08811604231595993, 0.0935184508562088, 0.09892085939645767, 0.10432326793670654, 0.10972566902637482, 0.11512807756662369, 0.12053048610687256, 0.12593288719654083, 0.1313353031873703, 0.13673770427703857, 0.14214012026786804, 0.14754252135753632, 0.15294493734836578, 0.15834733843803406, 0.16374973952770233, 0.1691521555185318, 0.17455455660820007, 0.17995697259902954, 0.18535937368869781, 0.19076178967952728, 0.19616419076919556, 0.20156660676002502]}, "gradients/conv_layer.5.weight": {"_type": "histogram", "values": [1.0, 0.0, 2.0, 0.0, 0.0, 1.0, 1.0, 3.0, 6.0, 6.0, 9.0, 10.0, 16.0, 22.0, 24.0, 32.0, 41.0, 78.0, 87.0, 138.0, 162.0, 249.0, 333.0, 476.0, 771.0, 1051.0, 1658.0, 2981.0, 6176.0, 169604.0, 10872.0, 3931.0, 2052.0, 1198.0, 845.0, 572.0, 360.0, 247.0, 168.0, 150.0, 113.0, 98.0, 58.0, 43.0, 37.0, 32.0, 17.0, 21.0, 13.0, 9.0, 6.0, 1.0, 7.0, 3.0, 3.0, 1.0, 0.0, 0.0, 1.0, 0.0, 1.0, 2.0, 0.0, 1.0], "bins": [-0.06365205347537994, -0.06151649355888367, -0.05938093736767769, -0.05724538117647171, -0.05510982125997543, -0.052974261343479156, -0.05083870515227318, -0.0487031489610672, -0.04656758904457092, -0.044432029128074646, -0.04229647293686867, -0.04016091674566269, -0.03802535682916641, -0.035889796912670135, -0.03375424072146416, -0.03161868453025818, -0.029483124613761902, -0.027347566559910774, -0.025212008506059647, -0.02307645045220852, -0.02094089239835739, -0.018805334344506264, -0.016669776290655136, -0.014534218236804008, -0.01239866018295288, -0.010263102129101753, -0.008127544075250626, -0.005991986021399498, -0.0038564279675483704, -0.0017208699136972427, 0.0004146881401538849, 0.0025502461940050125, 0.00468580424785614, 0.006821362301707268, 0.008956920355558395, 0.011092478409409523, 0.01322803646326065, 0.015363594517111778, 0.017499152570962906, 0.019634710624814034, 0.02177026867866516, 0.02390582673251629, 0.026041384786367416, 0.028176942840218544, 0.03031250089406967, 0.03244806081056595, 0.03458361700177193, 0.036719173192977905, 0.03885473310947418, 0.04099029302597046, 0.04312584921717644, 0.045261405408382416, 0.04739696532487869, 0.04953252524137497, 0.05166808143258095, 0.053803637623786926, 0.0559391975402832, 0.05807475745677948, 0.06021031364798546, 0.06234586983919144, 0.06448142975568771, 0.06661698967218399, 0.06875254213809967, 0.07088810205459595, 0.07302366197109222]}, "gradients/conv_layer.2.bias": {"_type": "histogram",