{"graph_0": {"_type": "graph-file", "path": "media/graph/graph_0_summary_6ec5be60.graph.json", "sha256": "6ec5be60f74b8b21d81010839d03048fcf0adb6f9a016f5b8d2e430490154c27", "size": 1702}, "Train Loss": 0.4142835999273846, "Val Loss": 0.925330576988367, "Train Acc": 85.26923076923077, "Val Acc": 72.48076923076923, "_runtime": 203, "_timestamp": 1620951830, "_step": 14, "gradients/fc_out.bias": {"_type": "histogram", "values": [1.0, 0.0, 0.0, 0.0, 0.0, 0.0, 0.0, 0.0, 0.0, 0.0, 0.0, 0.0, 0.0, 0.0, 0.0, 0.0, 0.0, 0.0, 0.0, 0.0, 0.0, 0.0, 0.0, 1.0, 0.0, 1.0, 1.0, 0.0, 0.0, 0.0, 0.0, 0.0, 0.0, 1.0, 0.0, 1.0, 0.0, 0.0, 0.0, 0.0, 0.0, 0.0, 0.0, 0.0, 0.0, 0.0, 1.0, 0.0, 0.0, 0.0, 0.0, 0.0, 0.0, 0.0, 0.0, 1.0, 0.0, 0.0, 1.0, 0.0, 0.0, 0.0, 0.0, 1.0], "bins": [-0.01774582825601101, -0.017264990136027336, -0.016784152016043663, -0.01630331389605999, -0.015822477638721466, -0.015341638587415218, -0.01486080139875412, -0.014379963278770447, -0.013899125158786774, -0.0134182870388031, -0.012937448918819427, -0.012456611730158329, -0.011975773610174656, -0.011494935490190983, -0.011014098301529884, -0.010533260181546211, -0.010052422061562538, -0.009571583941578865, -0.009090745821595192, -0.008609908632934093, -0.00812907051295042, -0.007648232392966747, -0.0071673947386443615, -0.006686557084321976, -0.006205718964338303, -0.0057248808443546295, -0.005244043190032244, -0.004763205535709858, -0.004282367415726185, -0.0038015295285731554, -0.003320691641420126, -0.0028398537542670965, -0.0023590149357914925, -0.001878177048638463, -0.0013973391614854336, -0.0009165012743324041, -0.0004356633871793747, 4.517449997365475e-05, 0.0005260123871266842, 0.0010068502742797136, 0.001487688161432743, 0.0019685260485857725, 0.002449363935738802, 0.0029302018228918314, 0.003411039710044861, 0.0038918775971978903, 0.00437271548435092, 0.0048535531386733055, 0.005334391258656979, 0.005815229378640652, 0.0062960670329630375, 0.006776904687285423, 0.007257742807269096, 0.0077385809272527695, 0.008219419047236443, 0.008700256235897541, 0.009181094355881214, 0.009661932475864887, 0.010142769664525986, 0.010623607784509659, 0.011104445904493332, 0.011585284024477005, 0.012066122144460678, 0.012546959333121777, 0.01302779745310545]}, "gradients/fc_out.weight": {"_type": "histogram", "values": [1.0, 0.0, 0.0, 1.0, 2.0, 2.0, 4.0, 2.0, 2.0, 1.0, 7.0, 10.0, 12.0, 11.0, 20.0, 26.0, 30.0, 44.0, 69.0, 65.0, 111.0, 128.0, 172.0, 224.0, 290.0, 358.0, 466.0, 605.0, 817.0, 1100.0, 1449.0, 1998.0, 3103.0, 45012.0, 13448.0, 4721.0, 2596.0, 1580.0, 1083.0, 688.0, 444.0, 322.0, 259.0, 176.0, 105.0, 106.0, 64.0, 58.0, 37.0, 16.0, 26.0, 13.0, 5.0, 5.0, 5.0, 5.0, 4.0, 4.0, 0.0, 2.0, 4.0, 1.0, 0.0, 1.0], "bins": [-0.0422501266002655, -0.041003454476594925, -0.03975677862763405, -0.03851010650396347, -0.037263430655002594, -0.036016758531332016, -0.03477008640766144, -0.03352341055870056, -0.032276738435029984, -0.031030064448714256, -0.02978339046239853, -0.02853671833872795, -0.027290044352412224, -0.026043370366096497, -0.02479669824242592, -0.02355002425611019, -0.022303350269794464, -0.021056676283478737, -0.01981000229716301, -0.01856333017349243, -0.017316656187176704, -0.016069982200860977, -0.014823309145867825, -0.013576636090874672, -0.012329962104558945, -0.011083288118243217, -0.009836615063250065, -0.008589942008256912, -0.007343268021941185, -0.006096594501286745, -0.004849920980632305, -0.0036032479256391525, -0.002356570214033127, -0.001109896693378687, 0.00013677682727575302, 0.001383450347930193, 0.002630123868584633, 0.003876797389239073, 0.005123470909893513, 0.006370143964886665, 0.007616817951202393, 0.00886349193751812, 0.010110164992511272, 0.011356838047504425, 0.012603512033820152, 0.01385018602013588, 0.015096859075129032, 0.016343532130122185, 0.017590206116437912, 0.01883688010275364, 0.020083554089069366, 0.021330226212739944, 0.02257690019905567, 0.0238235741853714, 0.025070246309041977, 0.026316920295357704, 0.02756359428167343, 0.02881026826798916, 0.030056942254304886, 0.031303614377975464, 0.03255029022693634, 0.03379696235060692, 0.035043634474277496, 0.03629031032323837, 0.03753698244690895]}, "gradients/conv_layer.5.bias": {"_type": "histogram", "values": [1.0, 0.0, 0.0, 0.0, 0.0, 0.0, 1.0, 0.0, 0.0, 0.0, 0.0, 0.0, 0.0, 0.0, 1.0, 0.0, 0.0, 0.0, 1.0, 1.0, 3.0, 0.0, 0.0, 0.0, 1.0, 1.0, 2.0, 1.0, 2.0, 5.0, 6.0, 3.0, 2.0, 2.0, 4.0, 6.0, 43.0, 4.0, 3.0, 6.0, 6.0, 2.0, 4.0, 4.0, 4.0, 3.0, 1.0, 1.0, 1.0, 1.0, 0.0, 0.0, 0.0, 1.0, 0.0, 0.0, 0.0, 0.0, 0.0, 0.0, 0.0, 0.0, 0.0, 1.0], "bins": [-0.05845789983868599, -0.05686517432332039, -0.05527244880795479, -0.05367972329258919, -0.05208699777722359, -0.050494275987148285, -0.048901550471782684, -0.047308824956417084, -0.04571609944105148, -0.04412337392568588, -0.04253064841032028, -0.04093792289495468, -0.03934519737958908, -0.03775247186422348, -0.03615974634885788, -0.03456702455878258, -0.03297429531812668, -0.03138156980276108, -0.029788844287395477, -0.028196118772029877, -0.026603395119309425, -0.025010669603943825, -0.023417944088578224, -0.021825220435857773, -0.020232494920492172, -0.01863976940512657, -0.01704704388976097, -0.015454319305717945, -0.013861594721674919, -0.012268869206309319, -0.010676143690943718, -0.009083419106900692, -0.007490694522857666, -0.005897969473153353, -0.0043052444234490395, -0.002712518908083439, -0.0011197938583791256, 0.0004729311913251877, 0.0020656567066907883, 0.0036583812907338142, 0.00525110587477684, 0.0068438309244811535, 0.008436555974185467, 0.010029281489551067, 0.011622006073594093, 0.013214731588959694, 0.014807457104325294, 0.016400180757045746, 0.017992908135056496, 0.019585633650422096, 0.021178359165787697, 0.022771082818508148, 0.02436380833387375, 0.02595653384923935, 0.02754925936460495, 0.02914198487997055, 0.03073471039533615, 0.03232743591070175, 0.03392016142606735, 0.03551288694143295, 0.03710561245679855, 0.038698337972164154, 0.040291063487529755, 0.04188378527760506, 0.04347651079297066]}, "gradients/conv_layer.5.weight": {"_type": "histogram", "values": [1.0, 0.0, 0.0, 0.0, 0.0, 0.0, 1.0, 0.0, 2.0, 1.0, 0.0, 1.0, 3.0, 2.0, 1.0, 1.0, 6.0, 6.0, 9.0, 9.0, 22.0, 31.0, 28.0, 56.0, 77.0, 99.0, 181.0, 231.0, 393.0, 587.0, 937.0, 1498.0, 2409.0, 3943.0, 7053.0, 12258.0, 21416.0, 116945.0, 15758.0, 8660.0, 4944.0, 2841.0, 1643.0, 1029.0, 598.0, 353.0, 279.0, 170.0, 107.0, 77.0, 36.0, 27.0, 15.0, 14.0, 11.0, 4.0, 7.0, 6.0, 3.0, 4.0, 4.0, 0.0, 1.0, 2.0], "bins": [-0.03529397025704384, -0.034348875284194946, -0.033403776586055756, -0.03245868161320686, -0.03151358291506767, -0.03056848607957363, -0.02962338924407959, -0.028678294271230698, -0.027733195573091507, -0.026788098737597466, -0.025843001902103424, -0.024897905066609383, -0.02395280823111534, -0.0230077113956213, -0.02206261456012726, -0.021117519587278366, -0.020172422751784325, -0.019227325916290283, -0.018282229080796242, -0.0173371322453022, -0.01639203540980816, -0.015446938574314117, -0.01450184267014265, -0.01355674583464861, -0.012611649930477142, -0.011666553094983101, -0.01072145625948906, -0.009776359423995018, -0.008831262588500977, -0.007886165753006935, -0.006941069848835468, -0.005995973013341427, -0.005050875246524811, -0.004105778411030769, -0.0031606818083673716, -0.0022155852057039738, -0.0012704883702099323, -0.0003253915347158909, 0.0006197048351168633, 0.0015648016706109047, 0.0025098994374275208, 0.003454996272921562, 0.004400093108415604, 0.005345189478248358, 0.006290286313742399, 0.007235383149236441, 0.008180479519069195, 0.009125576354563236, 0.010070672258734703, 0.011015769094228745, 0.011960865929722786, 0.012905962765216827, 0.013851059600710869, 0.01479615643620491, 0.015741251409053802, 0.016686350107192993, 0.017631445080041885, 0.018576541915535927, 0.019521638751029968, 0.02046673558652401, 0.02141183242201805, 0.022356929257512093, 0.023302026093006134, 0.024247121065855026, 0.025192219763994217]}, "gradients/conv_layer.2.bias": {"_type": "histogram",