{"graph_0": {"_type": "graph-file", "path": "media/graph/graph_0_summary_cb23a643.graph.json", "sha256": "cb23a64308d9f1bc467fc69f4f3d5b11c48e4bd02278334b3ec6a5bf9c79d759", "size": 1708}, "Train Loss": 0.4680475963550246, "Val Loss": 1.1150191684181874, "Train Acc": 83.19444444444444, "Val Acc": 67.76602564102564, "_runtime": 309, "_timestamp": 1620945010, "_step": 14, "gradients/fc_out.bias": {"_type": "histogram", "values": [1.0, 0.0, 0.0, 0.0, 0.0, 0.0, 0.0, 0.0, 0.0, 0.0, 0.0, 0.0, 0.0, 0.0, 0.0, 0.0, 0.0, 0.0, 0.0, 0.0, 0.0, 0.0, 0.0, 0.0, 0.0, 0.0, 0.0, 0.0, 0.0, 0.0, 0.0, 0.0, 0.0, 0.0, 0.0, 1.0, 1.0, 0.0, 2.0, 0.0, 0.0, 0.0, 1.0, 0.0, 0.0, 0.0, 1.0, 0.0, 0.0, 1.0, 0.0, 0.0, 0.0, 0.0, 0.0, 0.0, 0.0, 0.0, 0.0, 1.0, 0.0, 0.0, 0.0, 1.0], "bins": [-0.07644250988960266, -0.07458474487066269, -0.07272697240114212, -0.07086920738220215, -0.06901144236326218, -0.06715366989374161, -0.06529590487480164, -0.06343813240528107, -0.061580367386341095, -0.059722598642110825, -0.05786483362317085, -0.05600706487894058, -0.05414929613471031, -0.05229152739048004, -0.05043376237154007, -0.0485759936273098, -0.04671822488307953, -0.04486045613884926, -0.043002691119909286, -0.041144922375679016, -0.039287153631448746, -0.037429384887218475, -0.0355716198682785, -0.03371385112404823, -0.03185608610510826, -0.02999831922352314, -0.02814055047929287, -0.02628278359770775, -0.024425014853477478, -0.022567247971892357, -0.020709481090307236, -0.018851712346076965, -0.016993943601846695, -0.015136175788939, -0.013278407976031303, -0.011420641094446182, -0.009562872350215912, -0.007705105468630791, -0.005847337655723095, -0.003989569842815399, -0.002131801098585129, -0.00027403340209275484, 0.001583734294399619, 0.0034415018744766712, 0.005299269687384367, 0.0071570370346307755, 0.009014804847538471, 0.010872572660446167, 0.012730339542031288, 0.014588107354938984, 0.01644587516784668, 0.0183036420494318, 0.02016141079366207, 0.022019177675247192, 0.023876946419477463, 0.025734713301062584, 0.027592480182647705, 0.029450247064232826, 0.03130801394581795, 0.03316578269004822, 0.03502355143427849, 0.03688132017850876, 0.03873908519744873, 0.040596853941679, 0.04245462268590927]}, "gradients/fc_out.weight": {"_type": "histogram", "values": [4.0, 0.0, 1.0, 2.0, 0.0, 3.0, 2.0, 7.0, 5.0, 4.0, 12.0, 11.0, 10.0, 16.0, 21.0, 29.0, 39.0, 41.0, 39.0, 73.0, 88.0, 104.0, 141.0, 179.0, 235.0, 309.0, 414.0, 606.0, 862.0, 1309.0, 2249.0, 7089.0, 142343.0, 3381.0, 1518.0, 887.0, 499.0, 312.0, 245.0, 181.0, 136.0, 100.0, 88.0, 64.0, 47.0, 37.0, 25.0, 20.0, 10.0, 6.0, 8.0, 9.0, 5.0, 4.0, 1.0, 2.0, 3.0, 1.0, 2.0, 0.0, 0.0, 1.0, 0.0, 1.0], "bins": [-0.07730331271886826, -0.07488873600959778, -0.0724741518497467, -0.07005957514047623, -0.06764499843120575, -0.06523041427135468, -0.0628158375620842, -0.06040126085281372, -0.057986680418252945, -0.05557209998369217, -0.05315752327442169, -0.050742942839860916, -0.04832836240530014, -0.04591378569602966, -0.04349920526146889, -0.04108462482690811, -0.038670048117637634, -0.03625546768307686, -0.03384089097380638, -0.031426310539245605, -0.02901173196732998, -0.026597153395414352, -0.024182572960853577, -0.02176799438893795, -0.019353415817022324, -0.016938837245106697, -0.014524257741868496, -0.012109678238630295, -0.009695099666714668, -0.007280521094799042, -0.004865941591560841, -0.0024513620883226395, -3.678351640701294e-05, 0.002377795521169901, 0.004792374558746815, 0.0072069535963237286, 0.009621532633900642, 0.012036111205816269, 0.01445069070905447, 0.01686527021229267, 0.019279848784208298, 0.021694427356123924, 0.02410900592803955, 0.026523586362600327, 0.028938164934515953, 0.03135274350643158, 0.033767323940992355, 0.03618190437555313, 0.03859648108482361, 0.041011061519384384, 0.04342563822865486, 0.04584021866321564, 0.048254795372486115, 0.05066937580704689, 0.053083956241607666, 0.05549853295087814, 0.05791311338543892, 0.060327693819999695, 0.06274227052927017, 0.06515684723854065, 0.06757143139839172, 0.0699860081076622, 0.07240058481693268, 0.07481516897678375, 0.07722974568605423]}, "gradients/conv_layer.5.bias": {"_type": "histogram", "values": [1.0, 0.0, 0.0, 0.0, 0.0, 0.0, 0.0, 0.0, 1.0, 2.0, 2.0, 3.0, 3.0, 2.0, 1.0, 7.0, 5.0, 5.0, 7.0, 3.0, 7.0, 12.0, 11.0, 19.0, 84.0, 17.0, 10.0, 7.0, 5.0, 7.0, 7.0, 2.0, 1.0, 3.0, 2.0, 0.0, 3.0, 1.0, 5.0, 4.0, 0.0, 0.0, 1.0, 1.0, 2.0, 0.0, 1.0, 0.0, 0.0, 1.0, 0.0, 0.0, 0.0, 0.0, 0.0, 0.0, 0.0, 0.0, 0.0, 0.0, 0.0, 0.0, 0.0, 1.0], "bins": [-0.07535608112812042, -0.07228191196918488, -0.06920773535966873, -0.06613355875015259, -0.06305938959121704, -0.059985216706991196, -0.05691104382276535, -0.053836870938539505, -0.05076269805431366, -0.047688525170087814, -0.04461435228586197, -0.041540179401636124, -0.03846600651741028, -0.03539183363318443, -0.03231766074895859, -0.029243487864732742, -0.026169314980506897, -0.02309514209628105, -0.020020969212055206, -0.01694679632782936, -0.013872623443603516, -0.01079845055937767, -0.007724277675151825, -0.00465010479092598, -0.0015759319067001343, 0.001498240977525711, 0.004572413861751556, 0.007646586745977402, 0.010720759630203247, 0.013794932514429092, 0.016869105398654938, 0.019943278282880783, 0.023017458617687225, 0.02609163150191307, 0.029165804386138916, 0.03223997727036476, 0.03531415015459061, 0.03838832303881645, 0.0414624959230423, 0.04453666880726814, 0.04761084169149399, 0.05068501457571983, 0.05375918745994568, 0.056833360344171524, 0.05990753322839737, 0.06298170983791351, 0.06605587899684906, 0.0691300481557846, 0.07220422476530075, 0.0752784013748169, 0.07835257053375244, 0.08142673969268799, 0.08450091630220413, 0.08757509291172028, 0.09064926207065582, 0.09372343122959137, 0.09679760783910751, 0.09987178444862366, 0.1029459536075592, 0.10602012276649475, 0.1090942993760109, 0.11216847598552704, 0.11524264514446259, 0.11831681430339813, 0.12139099091291428]}, "gradients/conv_layer.5.weight": {"_type": "histogram", "values": [1.0, 0.0, 0.0, 0.0, 1.0, 3.0, 2.0, 2.0, 2.0, 6.0, 9.0, 14.0, 35.0, 38.0, 56.0, 117.0, 218.0, 375.0, 761.0, 1512.0, 3430.0, 9109.0, 788978.0, 7893.0, 3023.0, 1488.0, 835.0, 505.0, 289.0, 186.0, 108.0, 82.0, 44.0, 36.0, 14.0, 9.0, 12.0, 0.0, 0.0, 1.0, 0.0, 2.0, 0.0, 0.0, 0.0, 2.0, 0.0, 0.0, 0.0, 0.0, 0.0, 0.0, 0.0, 0.0, 0.0, 0.0, 1.0, 0.0, 0.0, 0.0, 0.0, 0.0, 0.0, 1.0], "bins": [-0.10394316166639328, -0.09932240098714828, -0.09470163285732269, -0.0900808721780777, -0.0854601040482521, -0.08083934336900711, -0.07621857523918152, -0.07159781455993652, -0.06697705388069153, -0.062356289476156235, -0.05773552507162094, -0.053114764392375946, -0.048493996262550354, -0.04387323558330536, -0.039252471178770065, -0.03463170677423477, -0.03001093864440918, -0.025390174239873886, -0.020769409835338593, -0.016148647293448448, -0.011527882888913155, -0.006907118484377861, -0.0022863559424877167, 0.002334408462047577, 0.006955169141292572, 0.011575933545827866, 0.01619669795036316, 0.020817460492253304, 0.025438224896788597, 0.03005898930132389, 0.034679751843214035, 0.03930051624774933, 0.043921276926994324, 0.04854204133152962, 0.05316280573606491, 0.057783566415309906, 0.0624043345451355, 0.0670250952243805, 0.07164585590362549, 0.07626662403345108, 0.08088739216327667, 0.08550815284252167, 0.09012892097234726, 0.09474968165159225, 0.09937044978141785, 0.10399121046066284, 0.10861197113990784, 0.11323273926973343, 0.11785349994897842, 0.12247426062822342, 0.127095028758049, 0.131715789437294, 0.136336550116539, 0.1409573256969452, 0.14557808637619019, 0.15019884705543518, 0.15481960773468018, 0.15944036841392517, 0.16406112909317017, 0.16868190467357635, 0.17330266535282135, 0.17792342603206635, 0.18254418671131134, 0.18716496229171753, 0.19178572297096252]}, "gradients/conv_layer.2.bias": {"_type": "histogram",