{"graph_0": {"_type": "graph-file", "path": "media/graph/graph_0_summary_7db392d8.graph.json", "sha256": "7db392d8a9fd9e7747f4a487fe033fa741caebaa5503f05f03ab988523f91fb3", "size": 1335}, "Train Loss": 1.7969598265696742, "Val Loss": 1.9529201431274414, "Train Acc": 36.24332977588047, "Val Acc": 32.2752, "_runtime": 244, "_timestamp": 1620692865, "_step": 14, "gradients/linear_layers.4.bias": {"_type": "histogram", "values": [1.0, 0.0, 0.0, 0.0, 0.0, 0.0, 0.0, 0.0, 0.0, 0.0, 0.0, 0.0, 0.0, 0.0, 0.0, 1.0, 0.0, 0.0, 0.0, 0.0, 0.0, 0.0, 0.0, 0.0, 0.0, 0.0, 0.0, 1.0, 0.0, 0.0, 0.0, 0.0, 0.0, 0.0, 0.0, 0.0, 0.0, 0.0, 0.0, 0.0, 5.0, 0.0, 0.0, 0.0, 0.0, 0.0, 0.0, 1.0, 0.0, 0.0, 0.0, 0.0, 0.0, 0.0, 0.0, 0.0, 0.0, 0.0, 0.0, 0.0, 0.0, 0.0, 0.0, 1.0], "bins": [-0.0743369534611702, -0.07250787317752838, -0.07067880034446716, -0.06884972006082535, -0.06702063977718353, -0.06519156694412231, -0.0633624866604805, -0.061533406376838684, -0.05970432981848717, -0.05787525326013565, -0.056046172976493835, -0.05421709641814232, -0.0523880198597908, -0.05055893957614899, -0.04872986301779747, -0.04690078645944595, -0.04507170617580414, -0.04324262961745262, -0.041413549333810806, -0.03958447277545929, -0.037755392491817474, -0.03592631593346596, -0.03409723937511444, -0.032268159091472626, -0.03043908253312111, -0.028610004112124443, -0.026780925691127777, -0.02495184913277626, -0.023122770711779594, -0.02129369229078293, -0.019464615732431412, -0.017635537311434746, -0.01580645889043808, -0.013977380469441414, -0.012148302979767323, -0.010319225490093231, -0.008490147069096565, -0.006661068648099899, -0.004831991158425808, -0.0030029136687517166, -0.0011738352477550507, 0.000655242707580328, 0.0024843206629157066, 0.004313398618251085, 0.006142476573586464, 0.00797155499458313, 0.009800632484257221, 0.011629709973931313, 0.013458788394927979, 0.015287866815924644, 0.01711694523692131, 0.018946021795272827, 0.020775100216269493, 0.02260417863726616, 0.024433255195617676, 0.026262333616614342, 0.028091412037611008, 0.029920490458607674, 0.03174956887960434, 0.033578645437955856, 0.03540772199630737, 0.03723680227994919, 0.039065878838300705, 0.04089495539665222, 0.04272403568029404]}, "gradients/linear_layers.4.weight": {"_type": "histogram", "values": [1.0, 0.0, 0.0, 0.0, 2.0, 0.0, 0.0, 2.0, 1.0, 0.0, 0.0, 1.0, 0.0, 2.0, 0.0, 1.0, 0.0, 0.0, 2.0, 0.0, 1.0, 1.0, 0.0, 1.0, 1.0, 0.0, 2.0, 1.0, 7.0, 3.0, 4.0, 11.0, 11.0, 11.0, 9.0, 9.0, 12.0, 7.0, 8.0, 21.0, 14.0, 399.0, 17.0, 23.0, 17.0, 9.0, 8.0, 2.0, 2.0, 2.0, 0.0, 0.0, 3.0, 3.0, 0.0, 0.0, 2.0, 1.0, 0.0, 4.0, 0.0, 1.0, 0.0, 1.0], "bins": [-0.3763781189918518, -0.36727631092071533, -0.35817453265190125, -0.34907275438308716, -0.3399709463119507, -0.3308691382408142, -0.3217673599720001, -0.31266558170318604, -0.30356377363204956, -0.2944619655609131, -0.285360187292099, -0.2762584090232849, -0.26715660095214844, -0.25805479288101196, -0.24895301461219788, -0.2398512214422226, -0.23074942827224731, -0.22164763510227203, -0.21254584193229675, -0.20344404876232147, -0.1943422555923462, -0.1852404624223709, -0.17613866925239563, -0.16703687608242035, -0.15793508291244507, -0.1488332897424698, -0.1397314965724945, -0.13062970340251923, -0.12152791023254395, -0.11242611706256866, -0.10332432389259338, -0.0942225307226181, -0.08512076735496521, -0.07601897418498993, -0.06691718101501465, -0.05781538784503937, -0.04871359467506409, -0.039611801505088806, -0.030510008335113525, -0.021408215165138245, -0.012306421995162964, -0.003204628825187683, 0.005897164344787598, 0.014998957514762878, 0.02410075068473816, 0.03320254385471344, 0.04230433702468872, 0.051406130194664, 0.06050792336463928, 0.06960971653461456, 0.07871150970458984, 0.08781330287456512, 0.0969150960445404, 0.10601688921451569, 0.11511868238449097, 0.12422047555446625, 0.13332226872444153, 0.1424240618944168, 0.1515258550643921, 0.16062764823436737, 0.16972944140434265, 0.17883123457431793, 0.1879330277442932, 0.1970348209142685, 0.20613661408424377]}, "gradients/linear_layers.3.bias": {"_type": "histogram", "values": [1.0, 0.0, 0.0, 1.0, 0.0, 1.0, 0.0, 0.0, 0.0, 1.0, 1.0, 1.0, 1.0, 0.0, 0.0, 2.0, 0.0, 3.0, 1.0, 3.0, 2.0, 1.0, 1.0, 0.0, 0.0, 3.0, 2.0, 3.0, 2.0, 9.0, 2.0, 3.0, 3.0, 2.0, 0.0, 2.0, 0.0, 1.0, 1.0, 1.0, 0.0, 1.0, 1.0, 1.0, 1.0, 0.0, 1.0, 3.0, 0.0, 1.0, 0.0, 0.0, 0.0, 0.0, 0.0, 0.0, 0.0, 0.0, 0.0, 0.0, 0.0, 0.0, 0.0, 1.0], "bins": [-0.019921986386179924, -0.01923813484609127, -0.018554281443357468, -0.017870429903268814, -0.01718657836318016, -0.016502724960446358, -0.015818873420357704, -0.015135020948946476, -0.014451168477535248, -0.01376731600612402, -0.013083463534712791, -0.012399611994624138, -0.01171575952321291, -0.011031907051801682, -0.010348055511713028, -0.0096642030403018, -0.008980350568890572, -0.008296498097479343, -0.0076126460917294025, -0.006928794085979462, -0.0062449416145682335, -0.005561089143157005, -0.0048772371374070644, -0.0041933851316571236, -0.0035095326602458954, -0.002825680421665311, -0.0021418281830847263, -0.0014579759445041418, -0.0007741237059235573, -9.027146734297276e-05, 0.0005935807712376118, 0.0012774327769875526, 0.0019612833857536316, 0.002645135624334216, 0.0033289878629148006, 0.0040128398686647415, 0.00469669234007597, 0.005380544811487198, 0.006064396817237139, 0.00674824882298708, 0.007432101294398308, 0.008115953765809536, 0.008799806237220764, 0.009483657777309418, 0.010167510248720646, 0.010851362720131874, 0.011535214260220528, 0.012219066731631756, 0.012902919203042984, 0.013586771674454212, 0.01427062414586544, 0.014954475685954094, 0.015638329088687897, 0.01632218062877655, 0.017006032168865204, 0.017689883708953857, 0.01837373711168766, 0.019057588651776314, 0.019741442054510117, 0.02042529359459877, 0.021109145134687424, 0.021792998537421227, 0.02247685007750988, 0.023160703480243683, 0.023844555020332336]}, "gradients/linear_layers.3.weight": {"_type": "histogram", "values": [1.0, 0.0, 0.0, 1.0, 1.0, 1.0, 2.0, 0.0, 2.0, 2.0, 1.0, 1.0, 2.0, 5.0, 7.0, 7.0, 7.0, 12.0, 19.0, 15.0, 19.0, 24.0, 31.0, 48.0, 65.0, 72.0, 103.0, 140.0, 184.0, 258.0, 408.0, 1235.0, 434.0, 282.0, 183.0, 130.0, 87.0, 67.0, 49.0, 44.0, 21.0, 24.0, 19.0, 18.0, 13.0, 5.0, 9.0, 6.0, 2.0, 8.0, 6.0, 2.0, 2.0, 1.0, 6.0, 1.0, 0.0, 2.0, 0.0, 0.0, 0.0, 0.0, 0.0, 2.0], "bins": [-0.10643605142831802, -0.10307521373033524, -0.09971437603235245, -0.09635353833436966, -0.09299270063638687, -0.08963186293840408, -0.0862710252404213, -0.08291018754243851, -0.07954934984445572, -0.07618851214647293, -0.07282767444849014, -0.06946683675050735, -0.06610599905252457, -0.06274516135454178, -0.05938432365655899, -0.0560234859585762, -0.052662648260593414, -0.049301810562610626, -0.04594097286462784, -0.04258013516664505, -0.03921929746866226, -0.035858459770679474, -0.032497622072696686, -0.029136784374713898, -0.02577594667673111, -0.02241510897874832, -0.019054271280765533, -0.015693433582782745, -0.012332595884799957, -0.00897175818681717, -0.005610920488834381, -0.002250082790851593, 0.0011107474565505981, 0.004471585154533386, 0.007832422852516174, 0.011193260550498962, 0.01455409824848175, 0.01791493594646454, 0.021275773644447327, 0.024636611342430115, 0.027997449040412903, 0.03135828673839569, 0.03471912443637848, 0.03807996213436127, 0.041440799832344055, 0.04480163753032684, 0.04816247522830963, 0.05152331292629242, 0.05488415062427521, 0.058244988322257996, 0.061605826020240784, 0.06496666371822357, 0.06832750141620636, 0.07168833911418915, 0.07504917681217194, 0.07841001451015472, 0.08177085220813751, 0.0851316899061203, 0.08849252760410309, 0.09185336530208588, 0.09521420300006866, 0.09857504069805145, 0.10193587839603424, 0.10529671609401703, 0.10865755379199982]}, "gradients/linear_layers.2.bias": {"_type": "histogram",